path,spoken_language,signed_language,start,end,words,glosses,priority
asl/07069.pose,en,asl,0,0,book,book,0
asl/65539.pose,en,asl,0,0,drink,drink,0
asl/12328.pose,en,asl,0,0,computer,computer,0
asl/05729.pose,en,asl,0,0,before,before,0
asl/09851.pose,en,asl,0,0,chair,chair,0
asl/69345.pose,en,asl,0,0,go,go,0
asl/11309.pose,en,asl,0,0,clothes,clothes,0
asl/69534.pose,en,asl,0,0,who,who,0
asl/65299.pose,en,asl,0,0,candy,candy,0
asl/13648.pose,en,asl,0,0,cousin,cousin,0
asl/14903.pose,en,asl,0,0,deaf,deaf,0
asl/21871.pose,en,asl,0,0,fine,fine,0
asl/27221.pose,en,asl,0,0,help,help,0
asl/38525.pose,en,asl,0,0,no,no,0
asl/57953.pose,en,asl,0,0,thin,thin,0
asl/66742.pose,en,asl,0,0,walk,walk,0
asl/64224.pose,en,asl,0,0,year,year,0
asl/66820.pose,en,asl,0,0,yes,yes,0
asl/02003.pose,en,asl,0,0,all,all,0
asl/65200.pose,en,asl,0,0,black,black,0
asl/13217.pose,en,asl,0,0,cool,cool,0
asl/21945.pose,en,asl,0,0,finish,finish,0
asl/28112.pose,en,asl,0,0,hot,hot,0
asl/33269.pose,en,asl,0,0,like,like,0
asl/34823.pose,en,asl,0,0,many,many,0
asl/36932.pose,en,asl,0,0,mother,mother,0
asl/38995.pose,en,asl,0,0,now,now,0
asl/69422.pose,en,asl,0,0,orange,orange,0
asl/56556.pose,en,asl,0,0,table,table,0
asl/57631.pose,en,asl,0,0,thanksgiving,thanksgiving,0
asl/62970.pose,en,asl,0,0,what,what,0
asl/63665.pose,en,asl,0,0,woman,woman,0
asl/05644.pose,en,asl,0,0,bed,bed,0
asl/65216.pose,en,asl,0,0,blue,blue,0
asl/07394.pose,en,asl,0,0,bowling,bowling,0
asl/65294.pose,en,asl,0,0,can,can,0
asl/17087.pose,en,asl,0,0,dog,dog,0
asl/69316.pose,en,asl,0,0,family,family,0
asl/65731.pose,en,asl,0,0,fish,fish,0
asl/65843.pose,en,asl,0,0,graduate,graduate,0
asl/69359.pose,en,asl,0,0,hat,hat,0
asl/26972.pose,en,asl,0,0,hearing,hearing,0
asl/31750.pose,en,asl,0,0,kiss,kiss,0
asl/32157.pose,en,asl,0,0,language,language,0
asl/32320.pose,en,asl,0,0,later,later,0
asl/34746.pose,en,asl,0,0,man,man,0
asl/51081.pose,en,asl,0,0,shirt,shirt,0
asl/55365.pose,en,asl,0,0,study,study,0
asl/56840.pose,en,asl,0,0,tall,tall,0
asl/63205.pose,en,asl,0,0,white,white,0
asl/64087.pose,en,asl,0,0,wrong,wrong,0
asl/00639.pose,en,asl,0,0,accident,accident,0
asl/03008.pose,en,asl,0,0,apple,apple,0
asl/65187.pose,en,asl,0,0,bird,bird,0
asl/09970.pose,en,asl,0,0,change,change,0
asl/69274.pose,en,asl,0,0,color,color,0
asl/13325.pose,en,asl,0,0,corn,corn,0
asl/69283.pose,en,asl,0,0,cow,cow,0
asl/14633.pose,en,asl,0,0,dance,dance,0
asl/14676.pose,en,asl,0,0,dark,dark,0
asl/17026.pose,en,asl,0,0,doctor,doctor,0
asl/69307.pose,en,asl,0,0,eat,eat,0
asl/19257.pose,en,asl,0,0,enjoy,enjoy,0
asl/22955.pose,en,asl,0,0,forget,forget,0
asl/24660.pose,en,asl,0,0,give,give,0
asl/66010.pose,en,asl,0,0,last,last,0
asl/35511.pose,en,asl,0,0,meet,meet,0
asl/42832.pose,en,asl,0,0,pink,pink,0
asl/42977.pose,en,asl,0,0,pizza,pizza,0
asl/43171.pose,en,asl,0,0,play,play,0
asl/49595.pose,en,asl,0,0,school,school,0
asl/50052.pose,en,asl,0,0,secretary,secretary,0
asl/51227.pose,en,asl,0,0,short,short,0
asl/69511.pose,en,asl,0,0,time,time,0
asl/62248.pose,en,asl,0,0,want,want,0
asl/63806.pose,en,asl,0,0,work,work,0
asl/01383.pose,en,asl,0,0,africa,africa,0
asl/05230.pose,en,asl,0,0,basketball,basketball,0
asl/65192.pose,en,asl,0,0,birthday,birthday,0
asl/69252.pose,en,asl,0,0,brown,brown,0
asl/08424.pose,en,asl,0,0,but,but,0
asl/65341.pose,en,asl,0,0,cheat,cheat,0
asl/10904.pose,en,asl,0,0,city,city,0
asl/13158.pose,en,asl,0,0,cook,cook,0
asl/15035.pose,en,asl,0,0,decide,decide,0
asl/23782.pose,en,asl,0,0,full,full,0
asl/69370.pose,en,asl,0,0,how,how,0
asl/30849.pose,en,asl,0,0,jacket,jacket,0
asl/66038.pose,en,asl,0,0,letter,letter,0
asl/35456.pose,en,asl,0,0,medicine,medicine,0
asl/37881.pose,en,asl,0,0,need,need,0
asl/40847.pose,en,asl,0,0,paint,paint,0
asl/41025.pose,en,asl,0,0,paper,paper,0
asl/45273.pose,en,asl,0,0,pull,pull,0
asl/45433.pose,en,asl,0,0,purple,purple,0
asl/48124.pose,en,asl,0,0,right,right,0
asl/49178.pose,en,asl,0,0,same,same,0
asl/66532.pose,en,asl,0,0,son,son,0
asl/57276.pose,en,asl,0,0,tell,tell,0
asl/58362.pose,en,asl,0,0,thursday,thursday,0
asl/61810.pose,en,asl,0,0,visit,visit,0
asl/62100.pose,en,asl,0,0,wait,wait,0
asl/62510.pose,en,asl,0,0,water,water,0
asl/63329.pose,en,asl,0,0,wife,wife,0
asl/64271.pose,en,asl,0,0,yellow,yellow,0
asl/04620.pose,en,asl,0,0,backpack,backpack,0
asl/65137.pose,en,asl,0,0,bar,bar,0
asl/69251.pose,en,asl,0,0,brother,brother,0
asl/69261.pose,en,asl,0,0,cat,cat,0
asl/65343.pose,en,asl,0,0,check,check,0
asl/69270.pose,en,asl,0,0,class,class,0
asl/14190.pose,en,asl,0,0,cry,cry,0
asl/16195.pose,en,asl,0,0,different,different,0
asl/17327.pose,en,asl,0,0,door,door,0
asl/69353.pose,en,asl,0,0,green,green,0
asl/26158.pose,en,asl,0,0,hair,hair,0
asl/69360.pose,en,asl,0,0,have,have,0
asl/26836.pose,en,asl,0,0,headache,headache,0
asl/29646.pose,en,asl,0,0,inform,inform,0
asl/31843.pose,en,asl,0,0,knife,knife,0
asl/32398.pose,en,asl,0,0,laugh,laugh,0
asl/32616.pose,en,asl,0,0,learn,learn,0
asl/37152.pose,en,asl,0,0,movie,movie,0
asl/45837.pose,en,asl,0,0,rabbit,rabbit,0
asl/46276.pose,en,asl,0,0,read,read,0
asl/69446.pose,en,asl,0,0,red,red,0
asl/48509.pose,en,asl,0,0,room,room,0
asl/48797.pose,en,asl,0,0,run,run,0
asl/51348.pose,en,asl,0,0,show,show,0
asl/51517.pose,en,asl,0,0,sick,sick,0
asl/69481.pose,en,asl,0,0,snow,snow,0
asl/56698.pose,en,asl,0,0,take,take,0
asl/57087.pose,en,asl,0,0,tea,tea,0
asl/57041.pose,en,asl,0,0,teacher,teacher,0
asl/62740.pose,en,asl,0,0,week,week,0
asl/63285.pose,en,asl,0,0,why,why,0
asl/63587.pose,en,asl,0,0,with,with,0
asl/64056.pose,en,asl,0,0,write,write,0
asl/64309.pose,en,asl,0,0,yesterday,yesterday,0
asl/01464.pose,en,asl,0,0,again,again,0
asl/04713.pose,en,asl,0,0,bad,bad,0
asl/04851.pose,en,asl,0,0,ball,ball,0
asl/05300.pose,en,asl,0,0,bathroom,bathroom,0
asl/06554.pose,en,asl,0,0,blanket,blanket,0
asl/08488.pose,en,asl,0,0,buy,buy,0
asl/65290.pose,en,asl,0,0,call,call,0
asl/11566.pose,en,asl,0,0,coffee,coffee,0
asl/11623.pose,en,asl,0,0,cold,cold,0
asl/11709.pose,en,asl,0,0,college,college,0
asl/65405.pose,en,asl,0,0,copy,copy,0
asl/14451.pose,en,asl,0,0,cute,cute,0
asl/65443.pose,en,asl,0,0,daughter,daughter,0
asl/65653.pose,en,asl,0,0,example,example,0
asl/21077.pose,en,asl,0,0,far,far,0
asl/22087.pose,en,asl,0,0,first,first,0
asl/65782.pose,en,asl,0,0,friend,friend,0
asl/69347.pose,en,asl,0,0,good,good,0
asl/26524.pose,en,asl,0,0,happy,happy,0
asl/69366.pose,en,asl,0,0,home,home,0
asl/66002.pose,en,asl,0,0,know,know,0
asl/32300.pose,en,asl,0,0,late,late,0
asl/32677.pose,en,asl,0,0,leave,leave,0
asl/33477.pose,en,asl,0,0,list,list,0
asl/34002.pose,en,asl,0,0,lose,lose,0
asl/69405.pose,en,asl,0,0,name,name,0
asl/69419.pose,en,asl,0,0,old,old,0
asl/42239.pose,en,asl,0,0,person,person,0
asl/43535.pose,en,asl,0,0,police,police,0
asl/44684.pose,en,asl,0,0,problem,problem,0
asl/66387.pose,en,asl,0,0,remember,remember,0
asl/50855.pose,en,asl,0,0,share,share,0
asl/53295.pose,en,asl,0,0,soon,soon,0
asl/54554.pose,en,asl,0,0,stay,stay,0
asl/55773.pose,en,asl,0,0,sunday,sunday,0
asl/57541.pose,en,asl,0,0,test,test,0
asl/58594.pose,en,asl,0,0,tired,tired,0
asl/59211.pose,en,asl,0,0,trade,trade,0
asl/66672.pose,en,asl,0,0,travel,travel,0
asl/63417.pose,en,asl,0,0,window,window,0
asl/64391.pose,en,asl,0,0,you,you,0
asl/00416.pose,en,asl,0,0,about,about,0
asl/03131.pose,en,asl,0,0,approve,approve,0
asl/65096.pose,en,asl,0,0,arrive,arrive,0
asl/65129.pose,en,asl,0,0,balance,balance,0
asl/04900.pose,en,asl,0,0,banana,banana,0
asl/05473.pose,en,asl,0,0,beard,beard,0
asl/05599.pose,en,asl,0,0,because,because,0
asl/65245.pose,en,asl,0,0,boy,boy,0
asl/65275.pose,en,asl,0,0,business,business,0
asl/09182.pose,en,asl,0,0,careful,careful,0
asl/65324.pose,en,asl,0,0,center,center,0
asl/65338.pose,en,asl,0,0,chat,chat,0
asl/10466.pose,en,asl,0,0,children,children,0
asl/10708.pose,en,asl,0,0,christmas,christmas,0
asl/11199.pose,en,asl,0,0,clock,clock,0
asl/11252.pose,en,asl,0,0,close,close,0
asl/13135.pose,en,asl,0,0,convince,convince,0
asl/13554.pose,en,asl,0,0,country,country,0
asl/13805.pose,en,asl,0,0,crash,crash,0
asl/14792.pose,en,asl,0,0,day,day,0
asl/16587.pose,en,asl,0,0,discuss,discuss,0
asl/17665.pose,en,asl,0,0,dress,dress,0
asl/65542.pose,en,asl,0,0,drive,drive,0
asl/17827.pose,en,asl,0,0,drop,drop,0
asl/21252.pose,en,asl,0,0,fat,fat,0
asl/65696.pose,en,asl,0,0,feel,feel,0
asl/69331.pose,en,asl,0,0,football,football,0
asl/65798.pose,en,asl,0,0,future,future,0
asl/24026.pose,en,asl,0,0,game,game,0
asl/69342.pose,en,asl,0,0,girl,girl,0
asl/25247.pose,en,asl,0,0,government,government,0
asl/26942.pose,en,asl,0,0,hear,hear,0
asl/27263.pose,en,asl,0,0,here,here,0
asl/27926.pose,en,asl,0,0,hope,hope,0
asl/28169.pose,en,asl,0,0,house,house,0
asl/28473.pose,en,asl,0,0,husband,husband,0
asl/30156.pose,en,asl,0,0,interest,interest,0
asl/65981.pose,en,asl,0,0,join,join,0
asl/33229.pose,en,asl,0,0,light,light,0
asl/33545.pose,en,asl,0,0,live,live,0
asl/34586.pose,en,asl,0,0,make,make,0
asl/35305.pose,en,asl,0,0,mean,mean,0
asl/69401.pose,en,asl,0,0,more,more,0
asl/66145.pose,en,asl,0,0,most,most,0
asl/37373.pose,en,asl,0,0,music,music,0
asl/69407.pose,en,asl,0,0,new,new,0
asl/66186.pose,en,asl,0,0,none,none,0
asl/66224.pose,en,asl,0,0,office,office,0
asl/40171.pose,en,asl,0,0,order,order,0
asl/66261.pose,en,asl,0,0,pants,pants,0
asl/41316.pose,en,asl,0,0,party,party,0
asl/41454.pose,en,asl,0,0,past,past,0
asl/41833.pose,en,asl,0,0,pencil,pencil,0
asl/43056.pose,en,asl,0,0,plan,plan,0
asl/43226.pose,en,asl,0,0,please,please,0
asl/44091.pose,en,asl,0,0,practice,practice,0
asl/66326.pose,en,asl,0,0,president,president,0
asl/66398.pose,en,asl,0,0,restaurant,restaurant,0
asl/66405.pose,en,asl,0,0,ride,ride,0
asl/48902.pose,en,asl,0,0,russia,russia,0
asl/66422.pose,en,asl,0,0,salt,salt,0
asl/66423.pose,en,asl,0,0,sandwich,sandwich,0
asl/66478.pose,en,asl,0,0,sign,sign,0
asl/66483.pose,en,asl,0,0,since,since,0
asl/52556.pose,en,asl,0,0,small,small,0
asl/53208.pose,en,asl,0,0,some,some,0
asl/53482.pose,en,asl,0,0,south,south,0
asl/55343.pose,en,asl,0,0,student,student,0
asl/57068.pose,en,asl,0,0,teach,teach,0
asl/57785.pose,en,asl,0,0,theory,theory,0
asl/66654.pose,en,asl,0,0,tomato,tomato,0
asl/59310.pose,en,asl,0,0,train,train,0
asl/60357.pose,en,asl,0,0,ugly,ugly,0
asl/66746.pose,en,asl,0,0,war,war,0
asl/66774.pose,en,asl,0,0,where,where,0
asl/64434.pose,en,asl,0,0,your,your,0
asl/02238.pose,en,asl,0,0,always,always,0
asl/02583.pose,en,asl,0,0,animal,animal,0
asl/03268.pose,en,asl,0,0,argue,argue,0
asl/04514.pose,en,asl,0,0,baby,baby,0
asl/65120.pose,en,asl,0,0,back,back,0
asl/04768.pose,en,asl,0,0,bake,bake,0
asl/05285.pose,en,asl,0,0,bath,bath,0
asl/05816.pose,en,asl,0,0,behind,behind,0
asl/07815.pose,en,asl,0,0,bring,bring,0
asl/09461.pose,en,asl,0,0,catch,catch,0
asl/09777.pose,en,asl,0,0,cereal,cereal,0
asl/65330.pose,en,asl,0,0,champion,champion,0
asl/65345.pose,en,asl,0,0,cheese,cheese,0
asl/65411.pose,en,asl,0,0,cough,cough,0
asl/13863.pose,en,asl,0,0,crazy,crazy,0
asl/15332.pose,en,asl,0,0,delay,delay,0
asl/15366.pose,en,asl,0,0,delicious,delicious,0
asl/16450.pose,en,asl,0,0,disappear,disappear,0
asl/16972.pose,en,asl,0,0,divorce,divorce,0
asl/65531.pose,en,asl,0,0,draw,draw,0
asl/18298.pose,en,asl,0,0,east,east,0
asl/18315.pose,en,asl,0,0,easy,easy,0
asl/65607.pose,en,asl,0,0,egg,egg,0
asl/19406.pose,en,asl,0,0,environment,environment,0
asl/21221.pose,en,asl,0,0,father,father,0
asl/21276.pose,en,asl,0,0,fault,fault,0
asl/22558.pose,en,asl,0,0,flower,flower,0
asl/65783.pose,en,asl,0,0,friendly,friendly,0
asl/24726.pose,en,asl,0,0,glasses,glasses,0
asl/65873.pose,en,asl,0,0,halloween,halloween,0
asl/26568.pose,en,asl,0,0,hard,hard,0
asl/27051.pose,en,asl,0,0,heart,heart,0
asl/28144.pose,en,asl,0,0,hour,hour,0
asl/28308.pose,en,asl,0,0,humble,humble,0
asl/28423.pose,en,asl,0,0,hurry,hurry,0
asl/29144.pose,en,asl,0,0,improve,improve,0
asl/30242.pose,en,asl,0,0,internet,internet,0
asl/31324.pose,en,asl,0,0,jump,jump,0
asl/65992.pose,en,asl,0,0,kill,kill,0
asl/66017.pose,en,asl,0,0,law,law,0
asl/66106.pose,en,asl,0,0,match,match,0
asl/66109.pose,en,asl,0,0,meat,meat,0
asl/36056.pose,en,asl,0,0,milk,milk,0
asl/66138.pose,en,asl,0,0,money,money,0
asl/66141.pose,en,asl,0,0,month,month,0
asl/36783.pose,en,asl,0,0,moon,moon,0
asl/66151.pose,en,asl,0,0,move,move,0
asl/37790.pose,en,asl,0,0,near,near,0
asl/37986.pose,en,asl,0,0,nephew,nephew,0
asl/38283.pose,en,asl,0,0,nice,nice,0
asl/66171.pose,en,asl,0,0,niece,niece,0
asl/38632.pose,en,asl,0,0,noon,noon,0
asl/38691.pose,en,asl,0,0,north,north,0
asl/38868.pose,en,asl,0,0,not,not,0
asl/39088.pose,en,asl,0,0,nurse,nurse,0
asl/39452.pose,en,asl,0,0,off,off,0
asl/39583.pose,en,asl,0,0,ok,ok,0
asl/41516.pose,en,asl,0,0,patient,patient,0
asl/41608.pose,en,asl,0,0,pay,pay,0
asl/42248.pose,en,asl,0,0,perspective,perspective,0
asl/43938.pose,en,asl,0,0,potato,potato,0
asl/69450.pose,en,asl,0,0,sad,sad,0
asl/49338.pose,en,asl,0,0,saturday,saturday,0
asl/49371.pose,en,asl,0,0,save,save,0
asl/49663.pose,en,asl,0,0,scissors,scissors,0
asl/50061.pose,en,asl,0,0,secret,secret,0
asl/51140.pose,en,asl,0,0,shoes,shoes,0
asl/51185.pose,en,asl,0,0,shop,shop,0
asl/51713.pose,en,asl,0,0,silly,silly,0
asl/66488.pose,en,asl,0,0,sister,sister,0
asl/52317.pose,en,asl,0,0,sleep,sleep,0
asl/66536.pose,en,asl,0,0,sorry,sorry,0
asl/66563.pose,en,asl,0,0,straight,straight,0
asl/69499.pose,en,asl,0,0,sweet,sweet,0
asl/56811.pose,en,asl,0,0,talk,talk,0
asl/57313.pose,en,asl,0,0,temperature,temperature,0
asl/57436.pose,en,asl,0,0,tent,tent,0
asl/69502.pose,en,asl,0,0,thank you,thank you,0
asl/69505.pose,en,asl,0,0,think,think,0
asl/58294.pose,en,asl,0,0,throw,throw,0
asl/69512.pose,en,asl,0,0,today,today,0
asl/59249.pose,en,asl,0,0,traffic,traffic,0
asl/66704.pose,en,asl,0,0,understand,understand,0
asl/61070.pose,en,asl,0,0,use,use,0
asl/61924.pose,en,asl,0,0,voice,voice,0
asl/61990.pose,en,asl,0,0,vomit,vomit,0
asl/62003.pose,en,asl,0,0,vote,vote,0
asl/62717.pose,en,asl,0,0,wednesday,wednesday,0
asl/66765.pose,en,asl,0,0,west,west,0
asl/62923.pose,en,asl,0,0,wet,wet,0
asl/66773.pose,en,asl,0,0,when,when,0
asl/66775.pose,en,asl,0,0,which,which,0
asl/63478.pose,en,asl,0,0,win,win,0
asl/66803.pose,en,asl,0,0,word,word,0
asl/01442.pose,en,asl,0,0,afternoon,afternoon,0
asl/65034.pose,en,asl,0,0,age,age,0
asl/02110.pose,en,asl,0,0,alone,alone,0
asl/03063.pose,en,asl,0,0,appointment,appointment,0
asl/04186.pose,en,asl,0,0,australia,australia,0
asl/04352.pose,en,asl,0,0,avoid,avoid,0
asl/04875.pose,en,asl,0,0,balloon,balloon,0
asl/05204.pose,en,asl,0,0,basement,basement,0
asl/65155.pose,en,asl,0,0,bear,bear,0
asl/65170.pose,en,asl,0,0,believe,believe,0
asl/65179.pose,en,asl,0,0,better,better,0
asl/06658.pose,en,asl,0,0,blind,blind,0
asl/07196.pose,en,asl,0,0,bored,bored,0
asl/65240.pose,en,asl,0,0,bowl,bowl,0
asl/69244.pose,en,asl,0,0,box,box,0
asl/65247.pose,en,asl,0,0,bracelet,bracelet,0
asl/07604.pose,en,asl,0,0,bread,bread,0
asl/08587.pose,en,asl,0,0,cafeteria,cafeteria,0
asl/69258.pose,en,asl,0,0,car,car,0
asl/10412.pose,en,asl,0,0,chicken,chicken,0
asl/65351.pose,en,asl,0,0,child,child,0
asl/10641.pose,en,asl,0,0,choose,choose,0
asl/10769.pose,en,asl,0,0,church,church,0
asl/13182.pose,en,asl,0,0,cookie,cookie,0
asl/14298.pose,en,asl,0,0,cup,cup,0
asl/14485.pose,en,asl,0,0,cut,cut,0
asl/65451.pose,en,asl,0,0,decorate,decorate,0
asl/15166.pose,en,asl,0,0,deep,deep,0
asl/69292.pose,en,asl,0,0,deer,deer,0
asl/15528.pose,en,asl,0,0,dentist,dentist,0
asl/65485.pose,en,asl,0,0,dirty,dirty,0
asl/65495.pose,en,asl,0,0,dive,dive,0
asl/17436.pose,en,asl,0,0,down,down,0
asl/17930.pose,en,asl,0,0,dry,dry,0
asl/69306.pose,en,asl,0,0,ear,ear,0
asl/18204.pose,en,asl,0,0,earn,earn,0
asl/65595.pose,en,asl,0,0,earring,earring,0
asl/65620.pose,en,asl,0,0,elephant,elephant,0
asl/19239.pose,en,asl,0,0,english,english,0
asl/65644.pose,en,asl,0,0,escape,escape,0
asl/20370.pose,en,asl,0,0,expensive,expensive,0
asl/20445.pose,en,asl,0,0,explain,explain,0
asl/65689.pose,en,asl,0,0,fast,fast,0
asl/21695.pose,en,asl,0,0,fight,fight,0
asl/21858.pose,en,asl,0,0,find,find,0
asl/65732.pose,en,asl,0,0,fishing,fishing,0
asl/22502.pose,en,asl,0,0,floor,floor,0
asl/22643.pose,en,asl,0,0,fly,fly,0
asl/22723.pose,en,asl,0,0,follow,follow,0
asl/23638.pose,en,asl,0,0,from,from,0
asl/24447.pose,en,asl,0,0,get,get,0
asl/26503.pose,en,asl,0,0,happen,happen,0
asl/27184.pose,en,asl,0,0,hello,hello,0
asl/27604.pose,en,asl,0,0,hit,hit,0
asl/28036.pose,en,asl,0,0,hospital,hospital,0
asl/65918.pose,en,asl,0,0,idea,idea,0
asl/69376.pose,en,asl,0,0,important,important,0
asl/30469.pose,en,asl,0,0,investigate,investigate,0
asl/30941.pose,en,asl,0,0,japan,japan,0
asl/30978.pose,en,asl,0,0,jealous,jealous,0
asl/65994.pose,en,asl,0,0,king,king,0
asl/31776.pose,en,asl,0,0,kitchen,kitchen,0
asl/32214.pose,en,asl,0,0,large,large,0
asl/66012.pose,en,asl,0,0,last year,last year,0
asl/32820.pose,en,asl,0,0,lemon,lemon,0
asl/66065.pose,en,asl,0,0,lettuce,lettuce,0
asl/66104.pose,en,asl,0,0,marry,marry,0
asl/35534.pose,en,asl,0,0,meeting,meeting,0
asl/66127.pose,en,asl,0,0,minute,minute,0
asl/66129.pose,en,asl,0,0,mirror,mirror,0
asl/36337.pose,en,asl,0,0,miss,miss,0
asl/36687.pose,en,asl,0,0,monkey,monkey,0
asl/36866.pose,en,asl,0,0,morning,morning,0
asl/37001.pose,en,asl,0,0,motorcycle,motorcycle,0
asl/37851.pose,en,asl,0,0,necklace,necklace,0
asl/66166.pose,en,asl,0,0,never,never,0
asl/38186.pose,en,asl,0,0,newspaper,newspaper,0
asl/38336.pose,en,asl,0,0,night,night,0
asl/39847.pose,en,asl,0,0,onion,onion,0
asl/41922.pose,en,asl,0,0,people,people,0
asl/41943.pose,en,asl,0,0,pepper,pepper,0
asl/42434.pose,en,asl,0,0,phone,phone,0
asl/42656.pose,en,asl,0,0,picture,picture,0
asl/66303.pose,en,asl,0,0,plus,plus,0
asl/66304.pose,en,asl,0,0,point,point,0
asl/43681.pose,en,asl,0,0,poor,poor,0
asl/43839.pose,en,asl,0,0,possible,possible,0
asl/45762.pose,en,asl,0,0,quiet,quiet,0
asl/45993.pose,en,asl,0,0,rain,rain,0
asl/46305.pose,en,asl,0,0,ready,ready,0
asl/66393.pose,en,asl,0,0,research,research,0
asl/66432.pose,en,asl,0,0,scared,scared,0
asl/49640.pose,en,asl,0,0,science,science,0
asl/49693.pose,en,asl,0,0,score,score,0
asl/50414.pose,en,asl,0,0,sentence,sentence,0
asl/69465.pose,en,asl,0,0,shape,shape,0
asl/51916.pose,en,asl,0,0,sit,sit,0
asl/52515.pose,en,asl,0,0,slow,slow,0
asl/52720.pose,en,asl,0,0,snake,snake,0
asl/52926.pose,en,asl,0,0,soap,soap,0
asl/69482.pose,en,asl,0,0,soda,soda,0
asl/53697.pose,en,asl,0,0,speech,speech,0
asl/54439.pose,en,asl,0,0,star,star,0
asl/54828.pose,en,asl,0,0,stink,stink,0
asl/55308.pose,en,asl,0,0,struggle,struggle,0
asl/55321.pose,en,asl,0,0,stubborn,stubborn,0
asl/66581.pose,en,asl,0,0,sunset,sunset,0
asl/56081.pose,en,asl,0,0,surgery,surgery,0
asl/57832.pose,en,asl,0,0,there,there,0
asl/69510.pose,en,asl,0,0,tiger,tiger,0
asl/58654.pose,en,asl,0,0,toast,toast,0
asl/58742.pose,en,asl,0,0,toilet,toilet,0
asl/66655.pose,en,asl,0,0,tomorrow,tomorrow,0
asl/59155.pose,en,asl,0,0,town,town,0
asl/66667.pose,en,asl,0,0,transfer,transfer,0
asl/66673.pose,en,asl,0,0,tree,tree,0
asl/66678.pose,en,asl,0,0,truck,truck,0
asl/60457.pose,en,asl,0,0,uncle,uncle,0
asl/66715.pose,en,asl,0,0,vacation,vacation,0
asl/62646.pose,en,asl,0,0,weather,weather,0
asl/62738.pose,en,asl,0,0,weekend,weekend,0
asl/65007.pose,en,asl,0,0,accept,accept,0
asl/01217.pose,en,asl,0,0,adult,adult,0
asl/65030.pose,en,asl,0,0,after,after,0
asl/01557.pose,en,asl,0,0,ago,ago,0
asl/02052.pose,en,asl,0,0,allow,allow,0
asl/02356.pose,en,asl,0,0,america,america,0
asl/65071.pose,en,asl,0,0,angel,angel,0
asl/65076.pose,en,asl,0,0,answer,answer,0
asl/65079.pose,en,asl,0,0,any,any,0
asl/65091.pose,en,asl,0,0,area,area,0
asl/65097.pose,en,asl,0,0,art,art,0
asl/03634.pose,en,asl,0,0,asl,asl,0
asl/04176.pose,en,asl,0,0,aunt,aunt,0
asl/04424.pose,en,asl,0,0,awful,awful,0
asl/04446.pose,en,asl,0,0,awkward,awkward,0
asl/04687.pose,en,asl,0,0,bacon,bacon,0
asl/05118.pose,en,asl,0,0,bark,bark,0
asl/05661.pose,en,asl,0,0,bedroom,bedroom,0
asl/65166.pose,en,asl,0,0,beer,beer,0
asl/05931.pose,en,asl,0,0,belt,belt,0
asl/69231.pose,en,asl,0,0,big,big,0
asl/06435.pose,en,asl,0,0,bitter,bitter,0
asl/65233.pose,en,asl,0,0,both,both,0
asl/08621.pose,en,asl,0,0,cake,cake,0
asl/08677.pose,en,asl,0,0,california,california,0
asl/65295.pose,en,asl,0,0,canada,canada,0
asl/65308.pose,en,asl,0,0,carrot,carrot,0
asl/65319.pose,en,asl,0,0,cause,cause,0
asl/65329.pose,en,asl,0,0,challenge,challenge,0
asl/65340.pose,en,asl,0,0,cheap,cheap,0
asl/10587.pose,en,asl,0,0,chocolate,chocolate,0
asl/65365.pose,en,asl,0,0,clean,clean,0
asl/11365.pose,en,asl,0,0,cloud,cloud,0
asl/65386.pose,en,asl,0,0,compare,compare,0
asl/12231.pose,en,asl,0,0,complex,complex,0
asl/12879.pose,en,asl,0,0,contact,contact,0
asl/12977.pose,en,asl,0,0,continue,continue,0
asl/13320.pose,en,asl,0,0,corner,corner,0
asl/13359.pose,en,asl,0,0,correct,correct,0
asl/14385.pose,en,asl,0,0,curse,curse,0
asl/14845.pose,en,asl,0,0,dead,dead,0
asl/65458.pose,en,asl,0,0,demand,demand,0
asl/15610.pose,en,asl,0,0,depend,depend,0
asl/65467.pose,en,asl,0,0,desert,desert,0
asl/15773.pose,en,asl,0,0,desk,desk,0
asl/65472.pose,en,asl,0,0,develop,develop,0
asl/16134.pose,en,asl,0,0,dictionary,dictionary,0
asl/17153.pose,en,asl,0,0,doll,doll,0
asl/65554.pose,en,asl,0,0,duty,duty,0
asl/18276.pose,en,asl,0,0,easter,easter,0
asl/18532.pose,en,asl,0,0,egypt,egypt,0
asl/18801.pose,en,asl,0,0,elevator,elevator,0
asl/18875.pose,en,asl,0,0,email,email,0
asl/19119.pose,en,asl,0,0,end,end,0
asl/19335.pose,en,asl,0,0,enter,enter,0
asl/19695.pose,en,asl,0,0,europe,europe,0
asl/65647.pose,en,asl,0,0,event,event,0
asl/20149.pose,en,asl,0,0,exchange,exchange,0
asl/65659.pose,en,asl,0,0,experience,experience,0
asl/65669.pose,en,asl,0,0,face,face,0
asl/20801.pose,en,asl,0,0,fail,fail,0
asl/21408.pose,en,asl,0,0,feed,feed,0
asl/21563.pose,en,asl,0,0,few,few,0
asl/22280.pose,en,asl,0,0,flag,flag,0
asl/22745.pose,en,asl,0,0,food,food,0
asl/23000.pose,en,asl,0,0,for,for,0
asl/23042.pose,en,asl,0,0,form,form,0
asl/23443.pose,en,asl,0,0,freeze,freeze,0
asl/65781.pose,en,asl,0,0,friday,friday,0
asl/65786.pose,en,asl,0,0,front,front,0
asl/65816.pose,en,asl,0,0,giraffe,giraffe,0
asl/65832.pose,en,asl,0,0,god,god,0
asl/65845.pose,en,asl,0,0,grammar,grammar,0
asl/65846.pose,en,asl,0,0,grandfather,grandfather,0
asl/25621.pose,en,asl,0,0,great,great,0
asl/65853.pose,en,asl,0,0,greece,greece,0
asl/25920.pose,en,asl,0,0,guess,guess,0
asl/65867.pose,en,asl,0,0,guitar,guitar,0
asl/26326.pose,en,asl,0,0,hammer,hammer,0
asl/27159.pose,en,asl,0,0,helicopter,helicopter,0
asl/65893.pose,en,asl,0,0,high,high,0
asl/65894.pose,en,asl,0,0,history,history,0
asl/28385.pose,en,asl,0,0,hungry,hungry,0
asl/28441.pose,en,asl,0,0,hurt,hurt,0
asl/65958.pose,en,asl,0,0,introduce,introduce,0
asl/65959.pose,en,asl,0,0,invest,invest,0
asl/32518.pose,en,asl,0,0,lazy,lazy,0
asl/33051.pose,en,asl,0,0,library,library,0
asl/66067.pose,en,asl,0,0,lie,lie,0
asl/33648.pose,en,asl,0,0,lobster,lobster,0
asl/34123.pose,en,asl,0,0,love,love,0
asl/66090.pose,en,asl,0,0,lucky,lucky,0
asl/34395.pose,en,asl,0,0,magazine,magazine,0
asl/66108.pose,en,asl,0,0,measure,measure,0
asl/66121.pose,en,asl,0,0,microwave,microwave,0
asl/37477.pose,en,asl,0,0,my,my,0
asl/37956.pose,en,asl,0,0,neighbor,neighbor,0
asl/39033.pose,en,asl,0,0,number,number,0
asl/69421.pose,en,asl,0,0,one,one,0
asl/40470.pose,en,asl,0,0,outside,outside,0
asl/41670.pose,en,asl,0,0,peach,peach,0
asl/42709.pose,en,asl,0,0,pig,pig,0
asl/66308.pose,en,asl,0,0,polite,polite,0
asl/43901.pose,en,asl,0,0,postpone,postpone,0
asl/44058.pose,en,asl,0,0,power,power,0
asl/44333.pose,en,asl,0,0,present,present,0
asl/44478.pose,en,asl,0,0,price,price,0
asl/44602.pose,en,asl,0,0,prison,prison,0
asl/45487.pose,en,asl,0,0,push,push,0
asl/66367.pose,en,asl,0,0,raccoon,raccoon,0
asl/46368.pose,en,asl,0,0,really,really,0
asl/46436.pose,en,asl,0,0,reason,reason,0
asl/66386.pose,en,asl,0,0,religion,religion,0
asl/66396.pose,en,asl,0,0,respect,respect,0
asl/48752.pose,en,asl,0,0,rule,rule,0
asl/49084.pose,en,asl,0,0,salad,salad,0
asl/49547.pose,en,asl,0,0,schedule,schedule,0
asl/69461.pose,en,asl,0,0,sell,sell,0
asl/66448.pose,en,asl,0,0,serious,serious,0
asl/51329.pose,en,asl,0,0,shower,shower,0
asl/51814.pose,en,asl,0,0,single,single,0
asl/52579.pose,en,asl,0,0,smart,smart,0
asl/66512.pose,en,asl,0,0,smile,smile,0
asl/53073.pose,en,asl,0,0,soft,soft,0
asl/66537.pose,en,asl,0,0,sound,sound,0
asl/69485.pose,en,asl,0,0,soup,soup,0
asl/53552.pose,en,asl,0,0,spain,spain,0
asl/54080.pose,en,asl,0,0,spray,spray,0
asl/54213.pose,en,asl,0,0,squirrel,squirrel,0
asl/54886.pose,en,asl,0,0,stomach,stomach,0
asl/55003.pose,en,asl,0,0,story,story,0
asl/55077.pose,en,asl,0,0,strange,strange,0
asl/55157.pose,en,asl,0,0,street,street,0
asl/66570.pose,en,asl,0,0,stress,stress,0
asl/66571.pose,en,asl,0,0,strict,strict,0
asl/69493.pose,en,asl,0,0,strong,strong,0
asl/55658.pose,en,asl,0,0,sugar,sugar,0
asl/69495.pose,en,asl,0,0,summer,summer,0
asl/56167.pose,en,asl,0,0,suspect,suspect,0
asl/56305.pose,en,asl,0,0,sweetheart,sweetheart,0
asl/57141.pose,en,asl,0,0,tease,tease,0
asl/57671.pose,en,asl,0,0,that,that,0
asl/57768.pose,en,asl,0,0,themselves,themselves,0
asl/66605.pose,en,asl,0,0,therapy,therapy,0
asl/58027.pose,en,asl,0,0,thirsty,thirsty,0
asl/58387.pose,en,asl,0,0,ticket,ticket,0
asl/58940.pose,en,asl,0,0,top,top,0
asl/59913.pose,en,asl,0,0,tuesday,tuesday,0
asl/66683.pose,en,asl,0,0,turkey,turkey,0
asl/66707.pose,en,asl,0,0,university,university,0
asl/60860.pose,en,asl,0,0,until,until,0
asl/62439.pose,en,asl,0,0,watch,watch,0
asl/62593.pose,en,asl,0,0,weak,weak,0
asl/62697.pose,en,asl,0,0,wedding,wedding,0
asl/63374.pose,en,asl,0,0,will,will,0
asl/63410.pose,en,asl,0,0,wind,wind,0
asl/63841.pose,en,asl,0,0,world,world,0
asl/63873.pose,en,asl,0,0,worry,worry,0
asl/63968.pose,en,asl,0,0,wow,wow,0
asl/64411.pose,en,asl,0,0,young,young,0
asl/65018.pose,en,asl,0,0,add,add,0
asl/01734.pose,en,asl,0,0,airplane,airplane,0
asl/02159.pose,en,asl,0,0,already,already,0
asl/02181.pose,en,asl,0,0,also,also,0
asl/02483.pose,en,asl,0,0,analyze,analyze,0
asl/02525.pose,en,asl,0,0,and,and,0
asl/02569.pose,en,asl,0,0,angry,angry,0
asl/02961.pose,en,asl,0,0,appear,appear,0
asl/03344.pose,en,asl,0,0,arm,arm,0
asl/03368.pose,en,asl,0,0,army,army,0
asl/03430.pose,en,asl,0,0,arrest,arrest,0
asl/65100.pose,en,asl,0,0,asia,asia,0
asl/03598.pose,en,asl,0,0,ask,ask,0
asl/65108.pose,en,asl,0,0,attitude,attitude,0
asl/04062.pose,en,asl,0,0,attract,attract,0
asl/04824.pose,en,asl,0,0,bald,bald,0
asl/65138.pose,en,asl,0,0,barely,barely,0
asl/05178.pose,en,asl,0,0,baseball,baseball,0
asl/65168.pose,en,asl,0,0,beg,beg,0
asl/65175.pose,en,asl,0,0,benefit,benefit,0
asl/65199.pose,en,asl,0,0,bite,bite,0
asl/06529.pose,en,asl,0,0,blame,blame,0
asl/65221.pose,en,asl,0,0,boat,boat,0
asl/65222.pose,en,asl,0,0,body,body,0
asl/07234.pose,en,asl,0,0,borrow,borrow,0
asl/07243.pose,en,asl,0,0,boss,boss,0
asl/65234.pose,en,asl,0,0,bother,bother,0
asl/65235.pose,en,asl,0,0,bottle,bottle,0
asl/07301.pose,en,asl,0,0,bottom,bottom,0
asl/07498.pose,en,asl,0,0,brag,brag,0
asl/65268.pose,en,asl,0,0,build,build,0
asl/08352.pose,en,asl,0,0,bus,bus,0
asl/08455.pose,en,asl,0,0,butter,butter,0
asl/08745.pose,en,asl,0,0,calm,calm,0
asl/08859.pose,en,asl,0,0,cancel,cancel,0
asl/08898.pose,en,asl,0,0,candle,candle,0
asl/09155.pose,en,asl,0,0,cards,cards,0
asl/10598.pose,en,asl,0,0,choice,choice,0
asl/11828.pose,en,asl,0,0,comb,comb,0
asl/65381.pose,en,asl,0,0,comfortable,comfortable,0
asl/65394.pose,en,asl,0,0,conflict,conflict,0
asl/13659.pose,en,asl,0,0,cover,cover,0
asl/65462.pose,en,asl,0,0,deodorant,deodorant,0
asl/65470.pose,en,asl,0,0,dessert,dessert,0
asl/15835.pose,en,asl,0,0,destroy,destroy,0
asl/16063.pose,en,asl,0,0,diamond,diamond,0
asl/17132.pose,en,asl,0,0,dollar,dollar,0
asl/65532.pose,en,asl,0,0,drawer,drawer,0
asl/17636.pose,en,asl,0,0,dream,dream,0
asl/65548.pose,en,asl,0,0,drunk,drunk,0
asl/17948.pose,en,asl,0,0,duck,duck,0
asl/18028.pose,en,asl,0,0,during,during,0
asl/65589.pose,en,asl,0,0,eagle,eagle,0
asl/18166.pose,en,asl,0,0,early,early,0
asl/19464.pose,en,asl,0,0,equal,equal,0
asl/69311.pose,en,asl,0,0,every,every,0
asl/65655.pose,en,asl,0,0,excited,excited,0
asl/20227.pose,en,asl,0,0,exercise,exercise,0
asl/65660.pose,en,asl,0,0,experiment,experiment,0
asl/20414.pose,en,asl,0,0,expert,expert,0
asl/20746.pose,en,asl,0,0,fact,fact,0
asl/21324.pose,en,asl,0,0,fear,fear,0
asl/65695.pose,en,asl,0,0,feedback,feedback,0
asl/22702.pose,en,asl,0,0,fold,fold,0
asl/22920.pose,en,asl,0,0,forest,forest,0
asl/23335.pose,en,asl,0,0,france,france,0
asl/65784.pose,en,asl,0,0,frog,frog,0
asl/23878.pose,en,asl,0,0,funny,funny,0
asl/24057.pose,en,asl,0,0,garage,garage,0
asl/24872.pose,en,asl,0,0,goal,goal,0
asl/65833.pose,en,asl,0,0,golf,golf,0
asl/25028.pose,en,asl,0,0,gone,gone,0
asl/25186.pose,en,asl,0,0,gossip,gossip,0
asl/25432.pose,en,asl,0,0,grandmother,grandmother,0
asl/65849.pose,en,asl,0,0,grapes,grapes,0
asl/25826.pose,en,asl,0,0,group,group,0
asl/25962.pose,en,asl,0,0,guilty,guilty,0
asl/26303.pose,en,asl,0,0,hamburger,hamburger,0
asl/26710.pose,en,asl,0,0,hate,hate,0
asl/26854.pose,en,asl,0,0,head,head,0
asl/27284.pose,en,asl,0,0,her,her,0
asl/28003.pose,en,asl,0,0,horse,horse,0
asl/65923.pose,en,asl,0,0,ignore,ignore,0
asl/29096.pose,en,asl,0,0,impossible,impossible,0
asl/69377.pose,en,asl,0,0,in,in,0
asl/65932.pose,en,asl,0,0,independent,independent,0
asl/65942.pose,en,asl,0,0,inside,inside,0
asl/30052.pose,en,asl,0,0,insurance,insurance,0
asl/65966.pose,en,asl,0,0,island,island,0
asl/32693.pose,en,asl,0,0,lecture,lecture,0
asl/66037.pose,en,asl,0,0,lesson,lesson,0
asl/33319.pose,en,asl,0,0,limit,limit,0
asl/33393.pose,en,asl,0,0,lion,lion,0
asl/33454.pose,en,asl,0,0,listen,listen,0
asl/34873.pose,en,asl,0,0,march,march,0
asl/66107.pose,en,asl,0,0,math,math,0
asl/35226.pose,en,asl,0,0,maybe,maybe,0
asl/66110.pose,en,asl,0,0,mechanic,mechanic,0
asl/36603.pose,en,asl,0,0,mom,mom,0
asl/37040.pose,en,asl,0,0,mouse,mouse,0
asl/37202.pose,en,asl,0,0,much,much,0
asl/37324.pose,en,asl,0,0,muscle,muscle,0
asl/66155.pose,en,asl,0,0,museum,museum,0
asl/37427.pose,en,asl,0,0,must,must,0
asl/37397.pose,en,asl,0,0,mustache,mustache,0
asl/37911.pose,en,asl,0,0,negative,negative,0
asl/38011.pose,en,asl,0,0,nervous,nervous,0
asl/38062.pose,en,asl,0,0,neutral,neutral,0
asl/38728.pose,en,asl,0,0,nose,nose,0
asl/39514.pose,en,asl,0,0,often,often,0
asl/39984.pose,en,asl,0,0,operate,operate,0
asl/66239.pose,en,asl,0,0,opinion,opinion,0
asl/40321.pose,en,asl,0,0,other,other,0
asl/41357.pose,en,asl,0,0,pass,pass,0
asl/42754.pose,en,asl,0,0,pillow,pillow,0
asl/44276.pose,en,asl,0,0,prepare,prepare,0
asl/66328.pose,en,asl,0,0,pretty,pretty,0
asl/44500.pose,en,asl,0,0,priest,priest,0
asl/44837.pose,en,asl,0,0,program,program,0
asl/66339.pose,en,asl,0,0,promise,promise,0
asl/45511.pose,en,asl,0,0,put,put,0
asl/45692.pose,en,asl,0,0,queen,queen,0
asl/45789.pose,en,asl,0,0,quit,quit,0
asl/45916.pose,en,asl,0,0,radio,radio,0
asl/46182.pose,en,asl,0,0,rat,rat,0
asl/47000.pose,en,asl,0,0,reject,reject,0
asl/47463.pose,en,asl,0,0,require,require,0
asl/47668.pose,en,asl,0,0,rest,rest,0
asl/47794.pose,en,asl,0,0,retire,retire,0
asl/48224.pose,en,asl,0,0,rise,rise,0
asl/66410.pose,en,asl,0,0,river,river,0
asl/66418.pose,en,asl,0,0,rough,rough,0
asl/50120.pose,en,asl,0,0,see,see,0
asl/66442.pose,en,asl,0,0,seem,seem,0
asl/50330.pose,en,asl,0,0,send,send,0
asl/50723.pose,en,asl,0,0,sew,sew,0
asl/50942.pose,en,asl,0,0,sheep,sheep,0
asl/51029.pose,en,asl,0,0,shine,shine,0
asl/51107.pose,en,asl,0,0,shock,shock,0
asl/51287.pose,en,asl,0,0,should,should,0
asl/51686.pose,en,asl,0,0,silent,silent,0
asl/52179.pose,en,asl,0,0,skinny,skinny,0
asl/52198.pose,en,asl,0,0,skirt,skirt,0
asl/69477.pose,en,asl,0,0,sky,sky,0
asl/53444.pose,en,asl,0,0,sour,sour,0
asl/66542.pose,en,asl,0,0,special,special,0
asl/53903.pose,en,asl,0,0,spirit,spirit,0
asl/54258.pose,en,asl,0,0,staff,staff,0
asl/54385.pose,en,asl,0,0,stand,stand,0
asl/54597.pose,en,asl,0,0,steal,steal,0
asl/54922.pose,en,asl,0,0,stop,stop,0
asl/55423.pose,en,asl,0,0,stupid,stupid,0
asl/55755.pose,en,asl,0,0,summon,summon,0
asl/66580.pose,en,asl,0,0,sunrise,sunrise,0
asl/56193.pose,en,asl,0,0,swallow,swallow,0
asl/57261.pose,en,asl,0,0,television,television,0
asl/58721.pose,en,asl,0,0,to,to,0
asl/58714.pose,en,asl,0,0,together,together,0
asl/59405.pose,en,asl,0,0,translate,translate,0
asl/59596.pose,en,asl,0,0,triangle,triangle,0
asl/60046.pose,en,asl,0,0,turtle,turtle,0
asl/60576.pose,en,asl,0,0,underwear,underwear,0
asl/60915.pose,en,asl,0,0,up,up,0
asl/60948.pose,en,asl,0,0,upset,upset,0
asl/61745.pose,en,asl,0,0,violin,violin,0
asl/66739.pose,en,asl,0,0,volunteer,volunteer,0
asl/62297.pose,en,asl,0,0,warm,warm,0
asl/66747.pose,en,asl,0,0,warn,warn,0
asl/62372.pose,en,asl,0,0,wash,wash,0
asl/63448.pose,en,asl,0,0,wine,wine,0
asl/63622.pose,en,asl,0,0,witness,witness,0
asl/66802.pose,en,asl,0,0,wood,wood,0
asl/64551.pose,en,asl,0,0,zero,zero,0
asl/00842.pose,en,asl,0,0,across,across,0
asl/00900.pose,en,asl,0,0,actor,actor,0
asl/01577.pose,en,asl,0,0,agree,agree,0
asl/01801.pose,en,asl,0,0,alarm,alarm,0
asl/65050.pose,en,asl,0,0,allergy,allergy,0
asl/65056.pose,en,asl,0,0,almost,almost,0
asl/65074.pose,en,asl,0,0,announce,announce,0
asl/02872.pose,en,asl,0,0,apartment,apartment,0
asl/65107.pose,en,asl,0,0,attention,attention,0
asl/04118.pose,en,asl,0,0,audience,audience,0
asl/04163.pose,en,asl,0,0,august,august,0
asl/04289.pose,en,asl,0,0,autumn,autumn,0
asl/04388.pose,en,asl,0,0,away,away,0
asl/05556.pose,en,asl,0,0,beautiful,beautiful,0
asl/05622.pose,en,asl,0,0,become,become,0
asl/05920.pose,en,asl,0,0,below,below,0
asl/06023.pose,en,asl,0,0,best,best,0
asl/06045.pose,en,asl,0,0,bet,bet,0
asl/06159.pose,en,asl,0,0,bicycle,bicycle,0
asl/06315.pose,en,asl,0,0,biology,biology,0
asl/07440.pose,en,asl,0,0,boyfriend,boyfriend,0
asl/65252.pose,en,asl,0,0,break,break,0
asl/07751.pose,en,asl,0,0,bridge,bridge,0
asl/08012.pose,en,asl,0,0,brush,brush,0
asl/08130.pose,en,asl,0,0,building,building,0
asl/65277.pose,en,asl,0,0,busy,busy,0
asl/65292.pose,en,asl,0,0,camera,camera,0
asl/08817.pose,en,asl,0,0,camp,camp,0
asl/09087.pose,en,asl,0,0,caption,caption,0
asl/09214.pose,en,asl,0,0,care,care,0
asl/09328.pose,en,asl,0,0,carry,carry,0
asl/65321.pose,en,asl,0,0,celebrate,celebrate,0
asl/65326.pose,en,asl,0,0,certificate,certificate,0
asl/09835.pose,en,asl,0,0,chain,chain,0
asl/09943.pose,en,asl,0,0,chance,chance,0
asl/10021.pose,en,asl,0,0,character,character,0
asl/10089.pose,en,asl,0,0,chase,chase,0
asl/11007.pose,en,asl,0,0,classroom,classroom,0
asl/11067.pose,en,asl,0,0,clear,clear,0
asl/11143.pose,en,asl,0,0,climb,climb,0
asl/11942.pose,en,asl,0,0,command,command,0
asl/12060.pose,en,asl,0,0,community,community,0
asl/12190.pose,en,asl,0,0,complain,complain,0
asl/12291.pose,en,asl,0,0,compromise,compromise,0
asl/13023.pose,en,asl,0,0,contribute,contribute,0
asl/13244.pose,en,asl,0,0,cop,cop,0
asl/13414.pose,en,asl,0,0,cost,cost,0
asl/13464.pose,en,asl,0,0,couch,couch,0
asl/13744.pose,en,asl,0,0,cracker,cracker,0
asl/65429.pose,en,asl,0,0,curious,curious,0
asl/65431.pose,en,asl,0,0,curriculum,curriculum,0
asl/14567.pose,en,asl,0,0,dad,dad,0
asl/65461.pose,en,asl,0,0,deny,deny,0
asl/15707.pose,en,asl,0,0,describe,describe,0
asl/16081.pose,en,asl,0,0,diaper,diaper,0
asl/16102.pose,en,asl,0,0,diarrhea,diarrhea,0
asl/16428.pose,en,asl,0,0,disagree,disagree,0
asl/16804.pose,en,asl,0,0,dissolve,dissolve,0
asl/65499.pose,en,asl,0,0,divide,divide,0
asl/17160.pose,en,asl,0,0,dolphin,dolphin,0
asl/17379.pose,en,asl,0,0,double,double,0
asl/17390.pose,en,asl,0,0,doubt,doubt,0
asl/65553.pose,en,asl,0,0,dumb,dumb,0
asl/18241.pose,en,asl,0,0,earth,earth,0
asl/18254.pose,en,asl,0,0,earthquake,earthquake,0
asl/18571.pose,en,asl,0,0,eight,eight,0
asl/65626.pose,en,asl,0,0,embarrass,embarrass,0
asl/18978.pose,en,asl,0,0,emotion,emotion,0
asl/65628.pose,en,asl,0,0,encourage,encourage,0
asl/65630.pose,en,asl,0,0,energy,energy,0
asl/19305.pose,en,asl,0,0,enough,enough,0
asl/19704.pose,en,asl,0,0,evaluate,evaluate,0
asl/19968.pose,en,asl,0,0,evidence,evidence,0
asl/20008.pose,en,asl,0,0,exact,exact,0
asl/20022.pose,en,asl,0,0,exaggerate,exaggerate,0
asl/20334.pose,en,asl,0,0,expect,expect,0
asl/65680.pose,en,asl,0,0,fancy,fancy,0
asl/21303.pose,en,asl,0,0,favorite,favorite,0
asl/21829.pose,en,asl,0,0,finally,finally,0
asl/23274.pose,en,asl,0,0,fox,fox,0
asl/23489.pose,en,asl,0,0,french,french,0
asl/65789.pose,en,asl,0,0,fruit,fruit,0
asl/65796.pose,en,asl,0,0,function,function,0
asl/65803.pose,en,asl,0,0,gather,gather,0
asl/24378.pose,en,asl,0,0,germany,germany,0
asl/24824.pose,en,asl,0,0,gloves,gloves,0
asl/24888.pose,en,asl,0,0,goat,goat,0
asl/25049.pose,en,asl,0,0,goodbye,goodbye,0
asl/25844.pose,en,asl,0,0,grow,grow,0
asl/26004.pose,en,asl,0,0,gum,gum,0
asl/26216.pose,en,asl,0,0,half,half,0
asl/26802.pose,en,asl,0,0,hawaii,hawaii,0
asl/27322.pose,en,asl,0,0,herself,herself,0
asl/27445.pose,en,asl,0,0,highway,highway,0
asl/27801.pose,en,asl,0,0,homework,homework,0
asl/27874.pose,en,asl,0,0,honor,honor,0
asl/28583.pose,en,asl,0,0,ice cream,ice cream,0
asl/28749.pose,en,asl,0,0,if,if,0
asl/29328.pose,en,asl,0,0,increase,increase,0
asl/29400.pose,en,asl,0,0,india,india,0
asl/29634.pose,en,asl,0,0,information,information,0
asl/30271.pose,en,asl,0,0,interpret,interpret,0
asl/65956.pose,en,asl,0,0,interview,interview,0
asl/65961.pose,en,asl,0,0,invite,invite,0
asl/30719.pose,en,asl,0,0,israel,israel,0
asl/31049.pose,en,asl,0,0,jesus,jesus,0
asl/31491.pose,en,asl,0,0,keep,keep,0
asl/31557.pose,en,asl,0,0,keyboard,keyboard,0
asl/32113.pose,en,asl,0,0,land,land,0
asl/32478.pose,en,asl,0,0,lawyer,lawyer,0
asl/66020.pose,en,asl,0,0,lead,lead,0
asl/32859.pose,en,asl,0,0,lesbian,lesbian,0
asl/33335.pose,en,asl,0,0,line,line,0
asl/33704.pose,en,asl,0,0,lock,lock,0
asl/34095.pose,en,asl,0,0,loud,loud,0
asl/66088.pose,en,asl,0,0,lousy,lousy,0
asl/34265.pose,en,asl,0,0,lunch,lunch,0
asl/66091.pose,en,asl,0,0,machine,machine,0
asl/34382.pose,en,asl,0,0,mad,mad,0
asl/35604.pose,en,asl,0,0,memorize,memorize,0
asl/36231.pose,en,asl,0,0,minus,minus,0
asl/66136.pose,en,asl,0,0,monday,monday,0
asl/37017.pose,en,asl,0,0,mountain,mountain,0
asl/37062.pose,en,asl,0,0,mouth,mouth,0
asl/37344.pose,en,asl,0,0,mushroom,mushroom,0
asl/66159.pose,en,asl,0,0,napkin,napkin,0
asl/37837.pose,en,asl,0,0,neck,neck,0
asl/38238.pose,en,asl,0,0,next,next,0
asl/39348.pose,en,asl,0,0,ocean,ocean,0
asl/39951.pose,en,asl,0,0,open,open,0
asl/66255.pose,en,asl,0,0,overwhelm,overwhelm,0
asl/40650.pose,en,asl,0,0,owe,owe,0
asl/40759.pose,en,asl,0,0,page,page,0
asl/40810.pose,en,asl,0,0,pain,pain,0
asl/41063.pose,en,asl,0,0,parade,parade,0
asl/41164.pose,en,asl,0,0,parents,parents,0
asl/42004.pose,en,asl,0,0,perfect,perfect,0
asl/66279.pose,en,asl,0,0,period,period,0
asl/42403.pose,en,asl,0,0,philosophy,philosophy,0
asl/42470.pose,en,asl,0,0,photographer,photographer,0
asl/69432.pose,en,asl,0,0,place,place,0
asl/43553.pose,en,asl,0,0,policy,policy,0
asl/66312.pose,en,asl,0,0,popular,popular,0
asl/44126.pose,en,asl,0,0,pray,pray,0
asl/44208.pose,en,asl,0,0,predict,predict,0
asl/44320.pose,en,asl,0,0,presentation,presentation,0
asl/66332.pose,en,asl,0,0,print,print,0
asl/44558.pose,en,asl,0,0,printer,printer,0
asl/44633.pose,en,asl,0,0,private,private,0
asl/44733.pose,en,asl,0,0,procrastinate,procrastinate,0
asl/44868.pose,en,asl,0,0,project,project,0
asl/45060.pose,en,asl,0,0,protect,protect,0
asl/45098.pose,en,asl,0,0,prove,prove,0
asl/45110.pose,en,asl,0,0,provide,provide,0
asl/45171.pose,en,asl,0,0,psychology,psychology,0
asl/45363.pose,en,asl,0,0,punish,punish,0
asl/66359.pose,en,asl,0,0,puzzled,puzzled,0
asl/69442.pose,en,asl,0,0,question,question,0
asl/45749.pose,en,asl,0,0,quick,quick,0
asl/45967.pose,en,asl,0,0,rainbow,rainbow,0
asl/46054.pose,en,asl,0,0,rake,rake,0
asl/46957.pose,en,asl,0,0,rehearse,rehearse,0
asl/47237.pose,en,asl,0,0,remove,remove,0
asl/66402.pose,en,asl,0,0,revenge,revenge,0
asl/47906.pose,en,asl,0,0,review,review,0
asl/48029.pose,en,asl,0,0,rich,rich,0
asl/48489.pose,en,asl,0,0,roof,roof,0
asl/48538.pose,en,asl,0,0,rooster,rooster,0
asl/48705.pose,en,asl,0,0,rude,rude,0
asl/49432.pose,en,asl,0,0,say,say,0
asl/49644.pose,en,asl,0,0,scientist,scientist,0
asl/49737.pose,en,asl,0,0,scotland,scotland,0
asl/49814.pose,en,asl,0,0,screwdriver,screwdriver,0
asl/66439.pose,en,asl,0,0,second,second,0
asl/66444.pose,en,asl,0,0,senate,senate,0
asl/50439.pose,en,asl,0,0,separate,separate,0
asl/50547.pose,en,asl,0,0,service,service,0
asl/51398.pose,en,asl,0,0,shrimp,shrimp,0
asl/66474.pose,en,asl,0,0,shy,shy,0
asl/51552.pose,en,asl,0,0,side,side,0
asl/66489.pose,en,asl,0,0,situation,situation,0
asl/52288.pose,en,asl,0,0,slave,slave,0
asl/66523.pose,en,asl,0,0,soccer,soccer,0
asl/53022.pose,en,asl,0,0,socks,socks,0
asl/53153.pose,en,asl,0,0,solid,solid,0
asl/53240.pose,en,asl,0,0,sometimes,sometimes,0
asl/66546.pose,en,asl,0,0,spider,spider,0
asl/53873.pose,en,asl,0,0,spin,spin,0
asl/54170.pose,en,asl,0,0,square,square,0
asl/66552.pose,en,asl,0,0,stairs,stairs,0
asl/54424.pose,en,asl,0,0,stare,stare,0
asl/54457.pose,en,asl,0,0,start,start,0
asl/69489.pose,en,asl,0,0,store,store,0
asl/55126.pose,en,asl,0,0,straw,straw,0
asl/55288.pose,en,asl,0,0,structure,structure,0
asl/55673.pose,en,asl,0,0,suggest,suggest,0
asl/55803.pose,en,asl,0,0,sun,sun,0
asl/55979.pose,en,asl,0,0,support,support,0
asl/69497.pose,en,asl,0,0,suppose,suppose,0
asl/56029.pose,en,asl,0,0,sure,sure,0
asl/66583.pose,en,asl,0,0,surprise,surprise,0
asl/56254.pose,en,asl,0,0,sweater,sweater,0
asl/56343.pose,en,asl,0,0,swim,swim,0
asl/56471.pose,en,asl,0,0,symbol,symbol,0
asl/56970.pose,en,asl,0,0,taste,taste,0
asl/57099.pose,en,asl,0,0,team,team,0
asl/57236.pose,en,asl,0,0,telephone,telephone,0
asl/57410.pose,en,asl,0,0,tennis,tennis,0
asl/57725.pose,en,asl,0,0,their,their,0
asl/57772.pose,en,asl,0,0,then,then,0
asl/57850.pose,en,asl,0,0,thermometer,thermometer,0
asl/66608.pose,en,asl,0,0,thing,thing,0
asl/58014.pose,en,asl,0,0,third,third,0
asl/58132.pose,en,asl,0,0,thousand,thousand,0
asl/58182.pose,en,asl,0,0,three,three,0
asl/66642.pose,en,asl,0,0,tie,tie,0
asl/66659.pose,en,asl,0,0,topic,topic,0
asl/59051.pose,en,asl,0,0,touch,touch,0
asl/59103.pose,en,asl,0,0,tournament,tournament,0
asl/59854.pose,en,asl,0,0,try,try,0
asl/60220.pose,en,asl,0,0,two,two,0
asl/60305.pose,en,asl,0,0,type,type,0
asl/66699.pose,en,asl,0,0,umbrella,umbrella,0
asl/66720.pose,en,asl,0,0,vegetable,vegetable,0
asl/66735.pose,en,asl,0,0,vocabulary,vocabulary,0
asl/66750.pose,en,asl,0,0,waste,waste,0
asl/62776.pose,en,asl,0,0,we,we,0
asl/62622.pose,en,asl,0,0,wear,wear,0
asl/62754.pose,en,asl,0,0,weekly,weekly,0
asl/62837.pose,en,asl,0,0,welcome,welcome,0
asl/63504.pose,en,asl,0,0,winter,winter,0
asl/63607.pose,en,asl,0,0,without,without,0
asl/66797.pose,en,asl,0,0,wolf,wolf,0
asl/66808.pose,en,asl,0,0,worm,worm,0
asl/64042.pose,en,asl,0,0,wristwatch,wristwatch,0
asl/64448.pose,en,asl,0,0,yourself,yourself,0
asl/65004.pose,en,asl,0,0,above,above,0
asl/65010.pose,en,asl,0,0,accomplish,accomplish,0
asl/01157.pose,en,asl,0,0,adopt,adopt,0
asl/01252.pose,en,asl,0,0,advantage,advantage,0
asl/65058.pose,en,asl,0,0,alphabet,alphabet,0
asl/02609.pose,en,asl,0,0,anniversary,anniversary,0
asl/02697.pose,en,asl,0,0,another,another,0
asl/03101.pose,en,asl,0,0,appropriate,appropriate,0
asl/03448.pose,en,asl,0,0,arrogant,arrogant,0
asl/03515.pose,en,asl,0,0,artist,artist,0
asl/04590.pose,en,asl,0,0,background,background,0
asl/05688.pose,en,asl,0,0,bee,bee,0
asl/05793.pose,en,asl,0,0,behavior,behavior,0
asl/05873.pose,en,asl,0,0,bell,bell,0
asl/06379.pose,en,asl,0,0,birth,birth,0
asl/65206.pose,en,asl,0,0,bless,bless,0
asl/65212.pose,en,asl,0,0,blood,blood,0
asl/65226.pose,en,asl,0,0,boots,boots,0
asl/07576.pose,en,asl,0,0,brave,brave,0
asl/65256.pose,en,asl,0,0,breathe,breathe,0
asl/07787.pose,en,asl,0,0,bright,bright,0
asl/08168.pose,en,asl,0,0,bull,bull,0
asl/65280.pose,en,asl,0,0,butterfly,butterfly,0
asl/65304.pose,en,asl,0,0,card,card,0
asl/09488.pose,en,asl,0,0,category,category,0
asl/65316.pose,en,asl,0,0,catholic,catholic,0
asl/65323.pose,en,asl,0,0,cent,cent,0
asl/10308.pose,en,asl,0,0,chemistry,chemistry,0
asl/65347.pose,en,asl,0,0,cherry,cherry,0
asl/10516.pose,en,asl,0,0,china,china,0
asl/65355.pose,en,asl,0,0,chop,chop,0
asl/10686.pose,en,asl,0,0,christian,christian,0
asl/65359.pose,en,asl,0,0,cigarette,cigarette,0
asl/11088.pose,en,asl,0,0,clever,clever,0
asl/65372.pose,en,asl,0,0,clown,clown,0
asl/11436.pose,en,asl,0,0,coach,coach,0
asl/69271.pose,en,asl,0,0,coat,coat,0
asl/65373.pose,en,asl,0,0,cochlear implant,cochlear implant,0
asl/65374.pose,en,asl,0,0,coconut,coconut,0
asl/12013.pose,en,asl,0,0,common,common,0
asl/12072.pose,en,asl,0,0,commute,commute,0
asl/13042.pose,en,asl,0,0,control,control,0
asl/13536.pose,en,asl,0,0,count,count,0
asl/65428.pose,en,asl,0,0,culture,culture,0
asl/65433.pose,en,asl,0,0,daily,daily,0
asl/15213.pose,en,asl,0,0,defend,defend,0
asl/65454.pose,en,asl,0,0,degree,degree,0
asl/15474.pose,en,asl,0,0,demonstrate,demonstrate,0
asl/15584.pose,en,asl,0,0,department,department,0
asl/16168.pose,en,asl,0,0,die,die,0
asl/16231.pose,en,asl,0,0,dig,dig,0
asl/16322.pose,en,asl,0,0,dinner,dinner,0
asl/65483.pose,en,asl,0,0,dinosaur,dinosaur,0
asl/16351.pose,en,asl,0,0,diploma,diploma,0
asl/65484.pose,en,asl,0,0,director,director,0
asl/65489.pose,en,asl,0,0,disconnect,disconnect,0
asl/16564.pose,en,asl,0,0,discover,discover,0
asl/17301.pose,en,asl,0,0,don't want,don't want,0
asl/65547.pose,en,asl,0,0,drum,drum,0
asl/18110.pose,en,asl,0,0,each,each,0
asl/18417.pose,en,asl,0,0,educate,educate,0
asl/18723.pose,en,asl,0,0,electrician,electrician,0
asl/19057.pose,en,asl,0,0,empty,empty,0
asl/19229.pose,en,asl,0,0,england,england,0
asl/19622.pose,en,asl,0,0,establish,establish,0
asl/65656.pose,en,asl,0,0,excuse,excuse,0
asl/20623.pose,en,asl,0,0,eyeglasses,eyeglasses,0
asl/65671.pose,en,asl,0,0,faculty,faculty,0
asl/20928.pose,en,asl,0,0,fall in love,fall in love,0
asl/65678.pose,en,asl,0,0,famous,famous,0
asl/65685.pose,en,asl,0,0,farm,farm,0
asl/65699.pose,en,asl,0,0,fence,fence,0
asl/69327.pose,en,asl,0,0,fix,fix,0
asl/22409.pose,en,asl,0,0,flexible,flexible,0
asl/65744.pose,en,asl,0,0,flirt,flirt,0
asl/22489.pose,en,asl,0,0,flood,flood,0
asl/65762.pose,en,asl,0,0,fork,fork,0
asl/65768.pose,en,asl,0,0,four,four,0
asl/23859.pose,en,asl,0,0,fun,fun,0
asl/23840.pose,en,asl,0,0,funeral,funeral,0
asl/23907.pose,en,asl,0,0,furniture,furniture,0
asl/23987.pose,en,asl,0,0,gallaudet,gallaudet,0
asl/24258.pose,en,asl,0,0,general,general,0
asl/65815.pose,en,asl,0,0,ghost,ghost,0
asl/65820.pose,en,asl,0,0,give up,give up,0
asl/24734.pose,en,asl,0,0,glass,glass,0
asl/65838.pose,en,asl,0,0,gorilla,gorilla,0
asl/65852.pose,en,asl,0,0,gray,gray,0
asl/25941.pose,en,asl,0,0,guide,guide,0
asl/26083.pose,en,asl,0,0,habit,habit,0
asl/26914.pose,en,asl,0,0,health,health,0
asl/65885.pose,en,asl,0,0,hearing aid,hearing aid,0
asl/65887.pose,en,asl,0,0,heaven,heaven,0
asl/27095.pose,en,asl,0,0,heavy,heavy,0
asl/27190.pose,en,asl,0,0,helmet,helmet,0
asl/27375.pose,en,asl,0,0,hide,hide,0
asl/27436.pose,en,asl,0,0,high school,high school,0
asl/27633.pose,en,asl,0,0,hockey,hockey,0
asl/27662.pose,en,asl,0,0,hold,hold,0
asl/27823.pose,en,asl,0,0,honest,honest,0
asl/65909.pose,en,asl,0,0,hug,hug,0
asl/28397.pose,en,asl,0,0,hunt,hunt,0
asl/28876.pose,en,asl,0,0,image,image,0
asl/29614.pose,en,asl,0,0,influence,influence,0
asl/30169.pose,en,asl,0,0,interesting,interesting,0
asl/30257.pose,en,asl,0,0,interpreter,interpreter,0
asl/30559.pose,en,asl,0,0,iran,iran,0
asl/65969.pose,en,asl,0,0,italy,italy,0
asl/31093.pose,en,asl,0,0,jewish,jewish,0
asl/31264.pose,en,asl,0,0,judge,judge,0
asl/31572.pose,en,asl,0,0,key,key,0
asl/31976.pose,en,asl,0,0,label,label,0
asl/69384.pose,en,asl,0,0,leaf,leaf,0
asl/32728.pose,en,asl,0,0,left,left,0
asl/32830.pose,en,asl,0,0,lend,lend,0
asl/32881.pose,en,asl,0,0,less,less,0
asl/66073.pose,en,asl,0,0,linguistics,linguistics,0
asl/33766.pose,en,asl,0,0,lonely,lonely,0
asl/33808.pose,en,asl,0,0,long,long,0
asl/34397.pose,en,asl,0,0,magic,magic,0
asl/34514.pose,en,asl,0,0,mainstream,mainstream,0
asl/34544.pose,en,asl,0,0,major,major,0
asl/34703.pose,en,asl,0,0,manager,manager,0
asl/35209.pose,en,asl,0,0,maximum,maximum,0
asl/35546.pose,en,asl,0,0,me,me,0
asl/35885.pose,en,asl,0,0,mexico,mexico,0
asl/66122.pose,en,asl,0,0,middle,middle,0
asl/66123.pose,en,asl,0,0,mind,mind,0
asl/36416.pose,en,asl,0,0,misunderstand,misunderstand,0
asl/36715.pose,en,asl,0,0,monster,monster,0
asl/37278.pose,en,asl,0,0,multiply,multiply,0
asl/37490.pose,en,asl,0,0,myself,myself,0
asl/38849.pose,en,asl,0,0,nothing,nothing,0
asl/39360.pose,en,asl,0,0,october,october,0
asl/39378.pose,en,asl,0,0,odd,odd,0
asl/39428.pose,en,asl,0,0,offer,offer,0
asl/69420.pose,en,asl,0,0,on,on,0
asl/39874.pose,en,asl,0,0,only,only,0
asl/40052.pose,en,asl,0,0,opposite,opposite,0
asl/40409.pose,en,asl,0,0,out,out,0
asl/66253.pose,en,asl,0,0,overlook,overlook,0
asl/41481.pose,en,asl,0,0,path,path,0
asl/41977.pose,en,asl,0,0,percent,percent,0
asl/42552.pose,en,asl,0,0,physics,physics,0
asl/42571.pose,en,asl,0,0,piano,piano,0
asl/66291.pose,en,asl,0,0,pick,pick,0
asl/42677.pose,en,asl,0,0,pie,pie,0
asl/66299.pose,en,asl,0,0,plate,plate,0
asl/43384.pose,en,asl,0,0,pocket,pocket,0
asl/43698.pose,en,asl,0,0,popcorn,popcorn,0
asl/43809.pose,en,asl,0,0,positive,positive,0
asl/44242.pose,en,asl,0,0,pregnant,pregnant,0
asl/44442.pose,en,asl,0,0,prevent,prevent,0
asl/66341.pose,en,asl,0,0,proof,proof,0
asl/66352.pose,en,asl,0,0,pumpkin,pumpkin,0
asl/45449.pose,en,asl,0,0,purpose,purpose,0
asl/45864.pose,en,asl,0,0,race,race,0
asl/46336.pose,en,asl,0,0,realize,realize,0
asl/46588.pose,en,asl,0,0,recognize,recognize,0
asl/66381.pose,en,asl,0,0,refuse,refuse,0
asl/66384.pose,en,asl,0,0,relationship,relationship,0
asl/47307.pose,en,asl,0,0,repeat,repeat,0
asl/66392.pose,en,asl,0,0,replace,replace,0
asl/47357.pose,en,asl,0,0,report,report,0
asl/47381.pose,en,asl,0,0,represent,represent,0
asl/47451.pose,en,asl,0,0,request,request,0
asl/66397.pose,en,asl,0,0,responsibility,responsibility,0
asl/47738.pose,en,asl,0,0,result,result,0
asl/47846.pose,en,asl,0,0,reveal,reveal,0
asl/48159.pose,en,asl,0,0,ring,ring,0
asl/48334.pose,en,asl,0,0,rob,rob,0
asl/48378.pose,en,asl,0,0,rock,rock,0
asl/48405.pose,en,asl,0,0,role,role,0
asl/48557.pose,en,asl,0,0,rope,rope,0
asl/48891.pose,en,asl,0,0,rush,rush,0
asl/49149.pose,en,asl,0,0,salute,salute,0
asl/66427.pose,en,asl,0,0,satisfy,satisfy,0
asl/49931.pose,en,asl,0,0,search,search,0
asl/50244.pose,en,asl,0,0,selfish,selfish,0
asl/66447.pose,en,asl,0,0,sensitive,sensitive,0
asl/50537.pose,en,asl,0,0,serve,serve,0
asl/50617.pose,en,asl,0,0,seven,seven,0
asl/50832.pose,en,asl,0,0,shampoo,shampoo,0
asl/69466.pose,en,asl,0,0,she,she,0
asl/50964.pose,en,asl,0,0,shelf,shelf,0
asl/51199.pose,en,asl,0,0,shopping,shopping,0
asl/51660.pose,en,asl,0,0,sign language,sign language,0
asl/51738.pose,en,asl,0,0,similar,similar,0
asl/51810.pose,en,asl,0,0,sing,sing,0
asl/51954.pose,en,asl,0,0,six,six,0
asl/52082.pose,en,asl,0,0,skeleton,skeleton,0
asl/52103.pose,en,asl,0,0,sketch,sketch,0
asl/52143.pose,en,asl,0,0,skill,skill,0
asl/52344.pose,en,asl,0,0,sleepy,sleepy,0
asl/52441.pose,en,asl,0,0,slip,slip,0
asl/52604.pose,en,asl,0,0,smell,smell,0
asl/52765.pose,en,asl,0,0,sneeze,sneeze,0
asl/52799.pose,en,asl,0,0,snob,snob,0
asl/53667.pose,en,asl,0,0,specific,specific,0
asl/54341.pose,en,asl,0,0,stamp,stamp,0
asl/54609.pose,en,asl,0,0,steel,steel,0
asl/66568.pose,en,asl,0,0,strawberry,strawberry,0
asl/55533.pose,en,asl,0,0,subtract,subtract,0
asl/55560.pose,en,asl,0,0,subway,subway,0
asl/55644.pose,en,asl,0,0,suffer,suffer,0
asl/56049.pose,en,asl,0,0,surface,surface,0
asl/56290.pose,en,asl,0,0,sweep,sweep,0
asl/56388.pose,en,asl,0,0,swing,swing,0
asl/56423.pose,en,asl,0,0,switzerland,switzerland,0
asl/56779.pose,en,asl,0,0,tale,tale,0
asl/56881.pose,en,asl,0,0,tan,tan,0
asl/57205.pose,en,asl,0,0,teeth,teeth,0
asl/57492.pose,en,asl,0,0,terrible,terrible,0
asl/57612.pose,en,asl,0,0,thankful,thankful,0
asl/57876.pose,en,asl,0,0,they,they,0
asl/58281.pose,en,asl,0,0,through,through,0
asl/58582.pose,en,asl,0,0,tiptoe,tiptoe,0
asl/66650.pose,en,asl,0,0,title,title,0
asl/58908.pose,en,asl,0,0,tooth,tooth,0
asl/66657.pose,en,asl,0,0,toothbrush,toothbrush,0
asl/59034.pose,en,asl,0,0,total,total,0
asl/59079.pose,en,asl,0,0,tough,tough,0
asl/59237.pose,en,asl,0,0,tradition,tradition,0
asl/59723.pose,en,asl,0,0,trophy,trophy,0
asl/66676.pose,en,asl,0,0,trouble,trouble,0
asl/59797.pose,en,asl,0,0,true,true,0
asl/59829.pose,en,asl,0,0,trust,trust,0
asl/60531.pose,en,asl,0,0,under,under,0
asl/61442.pose,en,asl,0,0,verb,verb,0
asl/66744.pose,en,asl,0,0,wall,wall,0
asl/62516.pose,en,asl,0,0,watermelon,watermelon,0
asl/62570.pose,en,asl,0,0,way,way,0
asl/62818.pose,en,asl,0,0,weird,weird,0
asl/63119.pose,en,asl,0,0,while,while,0
asl/66783.pose,en,asl,0,0,wide,wide,0
asl/66788.pose,en,asl,0,0,willing,willing,0
asl/63556.pose,en,asl,0,0,wish,wish,0
asl/63689.pose,en,asl,0,0,wonderful,wonderful,0
asl/66806.pose,en,asl,0,0,workshop,workshop,0
asl/63885.pose,en,asl,0,0,worse,worse,0
asl/64001.pose,en,asl,0,0,wrench,wrench,0
asl/66039.pose,en,asl,0,0,a,a,0
asl/02124.pose,en,asl,0,0,a lot,a lot,0
asl/00335.pose,en,asl,0,0,abdomen,abdomen,0
asl/00376.pose,en,asl,0,0,able,able,0
asl/65011.pose,en,asl,0,0,accountant,accountant,0
asl/00853.pose,en,asl,0,0,action,action,0
asl/00868.pose,en,asl,0,0,active,active,0
asl/00892.pose,en,asl,0,0,activity,activity,0
asl/01011.pose,en,asl,0,0,address,address,0
asl/01321.pose,en,asl,0,0,affect,affect,0
asl/01373.pose,en,asl,0,0,afraid,afraid,0
asl/01473.pose,en,asl,0,0,against,against,0
asl/01515.pose,en,asl,0,0,agenda,agenda,0
asl/01605.pose,en,asl,0,0,ahead,ahead,0
asl/01652.pose,en,asl,0,0,aim,aim,0
asl/01831.pose,en,asl,0,0,alcohol,alcohol,0
asl/01874.pose,en,asl,0,0,algebra,algebra,0
asl/01926.pose,en,asl,0,0,all day,all day,0
asl/65063.pose,en,asl,0,0,amazing,amazing,0
asl/02558.pose,en,asl,0,0,angle,angle,0
asl/02864.pose,en,asl,0,0,apart,apart,0
asl/65082.pose,en,asl,0,0,apostrophe,apostrophe,0
asl/02969.pose,en,asl,0,0,appetite,appetite,0
asl/03068.pose,en,asl,0,0,appreciate,appreciate,0
asl/03156.pose,en,asl,0,0,april,april,0
asl/03201.pose,en,asl,0,0,archery,archery,0
asl/03382.pose,en,asl,0,0,around,around,0
asl/65098.pose,en,asl,0,0,article,article,0
asl/03756.pose,en,asl,0,0,assistant,assistant,0
asl/03999.pose,en,asl,0,0,attend,attend,0
asl/04099.pose,en,asl,0,0,auction,auction,0
asl/04226.pose,en,asl,0,0,authority,authority,0
asl/04324.pose,en,asl,0,0,average,average,0
asl/65116.pose,en,asl,0,0,awake,awake,0
asl/66040.pose,en,asl,0,0,b,b,0
asl/04531.pose,en,asl,0,0,babysitter,babysitter,0
asl/05368.pose,en,asl,0,0,battle,battle,0
asl/05780.pose,en,asl,0,0,beginning,beginning,0
asl/05845.pose,en,asl,0,0,belief,belief,0
asl/06146.pose,en,asl,0,0,bible,bible,0
asl/06215.pose,en,asl,0,0,bike,bike,0
asl/06613.pose,en,asl,0,0,blend,blend,0
asl/65224.pose,en,asl,0,0,bone,bone,0
asl/65246.pose,en,asl,0,0,bra,bra,0
asl/07765.pose,en,asl,0,0,brief,brief,0
asl/07872.pose,en,asl,0,0,broke,broke,0
asl/65267.pose,en,asl,0,0,bug,bug,0
asl/08179.pose,en,asl,0,0,bully,bully,0
asl/08468.pose,en,asl,0,0,button,button,0
asl/08538.pose,en,asl,0,0,cabbage,cabbage,0
asl/08543.pose,en,asl,0,0,cabinet,cabinet,0
asl/08624.pose,en,asl,0,0,calculate,calculate,0
asl/08635.pose,en,asl,0,0,calculator,calculator,0
asl/08643.pose,en,asl,0,0,calculus,calculus,0
asl/65293.pose,en,asl,0,0,camping,camping,0
asl/08979.pose,en,asl,0,0,canoe,canoe,0
asl/09216.pose,en,asl,0,0,careless,careless,0
asl/65320.pose,en,asl,0,0,ceiling,ceiling,0
asl/65322.pose,en,asl,0,0,cemetery,cemetery,0
asl/69266.pose,en,asl,0,0,chapter,chapter,0
asl/10599.pose,en,asl,0,0,choir,choir,0
asl/10820.pose,en,asl,0,0,circle,circle,0
asl/69275.pose,en,asl,0,0,come,come,0
asl/65558.pose,en,asl,0,0,come here,come here,0
asl/12109.pose,en,asl,0,0,company,company,0
asl/12217.pose,en,asl,0,0,complete,complete,0
asl/12408.pose,en,asl,0,0,concept,concept,0
asl/65393.pose,en,asl,0,0,concern,concern,0
asl/12602.pose,en,asl,0,0,confront,confront,0
asl/65395.pose,en,asl,0,0,confused,confused,0
asl/12649.pose,en,asl,0,0,congress,congress,0
asl/65397.pose,en,asl,0,0,connect,connect,0
asl/12704.pose,en,asl,0,0,conquer,conquer,0
asl/12809.pose,en,asl,0,0,constitution,constitution,0
asl/12987.pose,en,asl,0,0,contract,contract,0
asl/13618.pose,en,asl,0,0,court,court,0
asl/13732.pose,en,asl,0,0,crab,crab,0
asl/14057.pose,en,asl,0,0,cross,cross,0
asl/14128.pose,en,asl,0,0,cruel,cruel,0
asl/14162.pose,en,asl,0,0,crush,crush,0
asl/65442.pose,en,asl,0,0,date,date,0
asl/15019.pose,en,asl,0,0,december,december,0
asl/15120.pose,en,asl,0,0,decrease,decrease,0
asl/15145.pose,en,asl,0,0,deduct,deduct,0
asl/15199.pose,en,asl,0,0,defeat,defeat,0
asl/15631.pose,en,asl,0,0,deposit,deposit,0
asl/65466.pose,en,asl,0,0,depressed,depressed,0
asl/15844.pose,en,asl,0,0,detach,detach,0
asl/15900.pose,en,asl,0,0,determine,determine,0
asl/16005.pose,en,asl,0,0,diabetes,diabetes,0
asl/16269.pose,en,asl,0,0,dime,dime,0
asl/16396.pose,en,asl,0,0,dirt,dirt,0
asl/16640.pose,en,asl,0,0,disgust,disgust,0
asl/16703.pose,en,asl,0,0,dismiss,dismiss,0
asl/65501.pose,en,asl,0,0,dizzy,dizzy,0
asl/65505.pose,en,asl,0,0,document,document,0
asl/17355.pose,en,asl,0,0,dorm,dorm,0
asl/65522.pose,en,asl,0,0,dormitory,dormitory,0
asl/17458.pose,en,asl,0,0,downstairs,downstairs,0
asl/18377.pose,en,asl,0,0,economy,economy,0
asl/18427.pose,en,asl,0,0,education,education,0
asl/18476.pose,en,asl,0,0,effort,effort,0
asl/18550.pose,en,asl,0,0,eighteen,eighteen,0
asl/65633.pose,en,asl,0,0,engage,engage,0
asl/19192.pose,en,asl,0,0,engagement,engagement,0
asl/19200.pose,en,asl,0,0,engineer,engineer,0
asl/19393.pose,en,asl,0,0,envelope,envelope,0
asl/19509.pose,en,asl,0,0,erase,erase,0
asl/19656.pose,en,asl,0,0,eternity,eternity,0
asl/19748.pose,en,asl,0,0,evening,evening,0
asl/19816.pose,en,asl,0,0,everyday,everyday,0
asl/20322.pose,en,asl,0,0,expand,expand,0
asl/20632.pose,en,asl,0,0,eye,eye,0
asl/20662.pose,en,asl,0,0,eyes,eyes,0
asl/65674.pose,en,asl,0,0,fake,fake,0
asl/21086.pose,en,asl,0,0,farmer,farmer,0
asl/21356.pose,en,asl,0,0,february,february,0
asl/21370.pose,en,asl,0,0,federal,federal,0
asl/21820.pose,en,asl,0,0,final,final,0
asl/22512.pose,en,asl,0,0,florida,florida,0
asl/22610.pose,en,asl,0,0,flute,flute,0
asl/22846.pose,en,asl,0,0,forbid,forbid,0
asl/22926.pose,en,asl,0,0,forever,forever,0
asl/23239.pose,en,asl,0,0,fourth,fourth,0
asl/65778.pose,en,asl,0,0,free,free,0
asl/23471.pose,en,asl,0,0,french fries,french fries,0
asl/24019.pose,en,asl,0,0,gamble,gamble,0
asl/24119.pose,en,asl,0,0,gas,gas,0
asl/24130.pose,en,asl,0,0,gasoline,gasoline,0
asl/24271.pose,en,asl,0,0,generation,generation,0
asl/24329.pose,en,asl,0,0,geography,geography,0
asl/24375.pose,en,asl,0,0,german,german,0
asl/24592.pose,en,asl,0,0,girlfriend,girlfriend,0
asl/24996.pose,en,asl,0,0,gold,gold,0
asl/69349.pose,en,asl,0,0,grandma,grandma,0
asl/25515.pose,en,asl,0,0,grass,grass,0
asl/25871.pose,en,asl,0,0,grow up,grow up,0
asl/26013.pose,en,asl,0,0,gun,gun,0
asl/26136.pose,en,asl,0,0,haircut,haircut,0
asl/26593.pose,en,asl,0,0,hard of hearing,hard of hearing,0
asl/27542.pose,en,asl,0,0,hippopotamus,hippopotamus,0
asl/27553.pose,en,asl,0,0,his,his,0
asl/65898.pose,en,asl,0,0,honey,honey,0
asl/28413.pose,en,asl,0,0,hurricane,hurricane,0
asl/65919.pose,en,asl,0,0,identify,identify,0
asl/29278.pose,en,asl,0,0,include,include,0
asl/29565.pose,en,asl,0,0,infection,infection,0
asl/29794.pose,en,asl,0,0,innocent,innocent,0
asl/29843.pose,en,asl,0,0,insect,insect,0
asl/65945.pose,en,asl,0,0,instead,instead,0
asl/65947.pose,en,asl,0,0,institute,institute,0
asl/30223.pose,en,asl,0,0,international,international,0
asl/30278.pose,en,asl,0,0,interrupt,interrupt,0
asl/30522.pose,en,asl,0,0,involve,involve,0
asl/30873.pose,en,asl,0,0,jail,jail,0
asl/30926.pose,en,asl,0,0,january,january,0
asl/31186.pose,en,asl,0,0,joke,joke,0
asl/31346.pose,en,asl,0,0,june,june,0
asl/31442.pose,en,asl,0,0,kangaroo,kangaroo,0
asl/31458.pose,en,asl,0,0,karate,karate,0
asl/65990.pose,en,asl,0,0,kick,kick,0
asl/31838.pose,en,asl,0,0,kneel,kneel,0
asl/31882.pose,en,asl,0,0,knock,knock,0
asl/32197.pose,en,asl,0,0,laptop,laptop,0
asl/66068.pose,en,asl,0,0,lift,lift,0
asl/69388.pose,en,asl,0,0,lightning,lightning,0
asl/33403.pose,en,asl,0,0,lip,lip,0
asl/33423.pose,en,asl,0,0,lipstick,lipstick,0
asl/33651.pose,en,asl,0,0,local,local,0
asl/34688.pose,en,asl,0,0,manage,manage,0
asl/35198.pose,en,asl,0,0,mature,mature,0
asl/35574.pose,en,asl,0,0,member,member,0
asl/35761.pose,en,asl,0,0,message,message,0
asl/35798.pose,en,asl,0,0,metal,metal,0
asl/35923.pose,en,asl,0,0,microphone,microphone,0
asl/66133.pose,en,asl,0,0,mix,mix,0
asl/36744.pose,en,asl,0,0,monthly,monthly,0
asl/37003.pose,en,asl,0,0,motor,motor,0
asl/37683.pose,en,asl,0,0,nation,nation,0
asl/66165.pose,en,asl,0,0,network,network,0
asl/38299.pose,en,asl,0,0,nickel,nickel,0
asl/66177.pose,en,asl,0,0,nineteen,nineteen,0
asl/66189.pose,en,asl,0,0,normal,normal,0
asl/38973.pose,en,asl,0,0,november,november,0
asl/66220.pose,en,asl,0,0,nut,nut,0
asl/66222.pose,en,asl,0,0,octopus,octopus,0
asl/39679.pose,en,asl,0,0,once,once,0
asl/40230.pose,en,asl,0,0,organize,organize,0
asl/40569.pose,en,asl,0,0,over,over,0
asl/40659.pose,en,asl,0,0,owl,owl,0
asl/42511.pose,en,asl,0,0,p,p,0
asl/41055.pose,en,asl,0,0,parachute,parachute,0
asl/41078.pose,en,asl,0,0,paragraph,paragraph,0
asl/41097.pose,en,asl,0,0,parallel,parallel,0
asl/41580.pose,en,asl,0,0,pay attention,pay attention,0
asl/41654.pose,en,asl,0,0,peace,peace,0
asl/41693.pose,en,asl,0,0,peanut butter,peanut butter,0
asl/42039.pose,en,asl,0,0,perfume,perfume,0
asl/42215.pose,en,asl,0,0,personality,personality,0
asl/42308.pose,en,asl,0,0,pet,pet,0
asl/66285.pose,en,asl,0,0,philadelphia,philadelphia,0
asl/42547.pose,en,asl,0,0,physician,physician,0
asl/42670.pose,en,asl,0,0,piece,piece,0
asl/42939.pose,en,asl,0,0,pity,pity,0
asl/43090.pose,en,asl,0,0,plant,plant,0
asl/43255.pose,en,asl,0,0,plenty,plenty,0
asl/43369.pose,en,asl,0,0,pneumonia,pneumonia,0
asl/43594.pose,en,asl,0,0,politics,politics,0
asl/43800.pose,en,asl,0,0,position,position,0
asl/43986.pose,en,asl,0,0,pound,pound,0
asl/44011.pose,en,asl,0,0,pour,pour,0
asl/44097.pose,en,asl,0,0,praise,praise,0
asl/44147.pose,en,asl,0,0,preach,preach,0
asl/44141.pose,en,asl,0,0,preacher,preacher,0
asl/44221.pose,en,asl,0,0,prefer,prefer,0
asl/44396.pose,en,asl,0,0,pressure,pressure,0
asl/66331.pose,en,asl,0,0,principal,principal,0
asl/44588.pose,en,asl,0,0,priority,priority,0
asl/44776.pose,en,asl,0,0,professional,professional,0
asl/44790.pose,en,asl,0,0,professor,professor,0
asl/66340.pose,en,asl,0,0,promote,promote,0
asl/45057.pose,en,asl,0,0,prostitute,prostitute,0
asl/45090.pose,en,asl,0,0,proud,proud,0
asl/45819.pose,en,asl,0,0,quote,quote,0
asl/46491.pose,en,asl,0,0,receive,receive,0
asl/46500.pose,en,asl,0,0,recent,recent,0
asl/46759.pose,en,asl,0,0,reduce,reduce,0
asl/46791.pose,en,asl,0,0,refer,refer,0
asl/46775.pose,en,asl,0,0,referee,referee,0
asl/47028.pose,en,asl,0,0,relate,relate,0
asl/47060.pose,en,asl,0,0,relax,relax,0
asl/66389.pose,en,asl,0,0,remote control,remote control,0
asl/47271.pose,en,asl,0,0,rent,rent,0
asl/47440.pose,en,asl,0,0,reputation,reputation,0
asl/66394.pose,en,asl,0,0,resign,resign,0
asl/47646.pose,en,asl,0,0,responsible,responsible,0
asl/66407.pose,en,asl,0,0,ridiculous,ridiculous,0
asl/48274.pose,en,asl,0,0,road,road,0
asl/48344.pose,en,asl,0,0,robot,robot,0
asl/48684.pose,en,asl,0,0,rubber,rubber,0
asl/48995.pose,en,asl,0,0,safe,safe,0
asl/49343.pose,en,asl,0,0,sauce,sauce,0
asl/49358.pose,en,asl,0,0,sausage,sausage,0
asl/65577.pose,en,asl,0,0,scold,scold,0
asl/50372.pose,en,asl,0,0,senior,senior,0
asl/50454.pose,en,asl,0,0,september,september,0
asl/66458.pose,en,asl,0,0,several,several,0
asl/50813.pose,en,asl,0,0,shame,shame,0
asl/50902.pose,en,asl,0,0,shave,shave,0
asl/51160.pose,en,asl,0,0,shoot,shoot,0
asl/66472.pose,en,asl,0,0,shoulder,shoulder,0
asl/51716.pose,en,asl,0,0,silver,silver,0
asl/51750.pose,en,asl,0,0,simple,simple,0
asl/66487.pose,en,asl,0,0,siren,siren,0
asl/52046.pose,en,asl,0,0,size,size,0
asl/52073.pose,en,asl,0,0,skate,skate,0
asl/52158.pose,en,asl,0,0,skin,skin,0
asl/52216.pose,en,asl,0,0,skunk,skunk,0
asl/66505.pose,en,asl,0,0,slice,slice,0
asl/52660.pose,en,asl,0,0,smooth,smooth,0
asl/52686.pose,en,asl,0,0,snack,snack,0
asl/52871.pose,en,asl,0,0,snowman,snowman,0
asl/66526.pose,en,asl,0,0,society,society,0
asl/53218.pose,en,asl,0,0,someone,someone,0
asl/53262.pose,en,asl,0,0,song,song,0
asl/53340.pose,en,asl,0,0,sore throat,sore throat,0
asl/53457.pose,en,asl,0,0,south america,south america,0
asl/66541.pose,en,asl,0,0,spanish,spanish,0
asl/53620.pose,en,asl,0,0,speak,speak,0
asl/53736.pose,en,asl,0,0,speed,speed,0
asl/53771.pose,en,asl,0,0,spell,spell,0
asl/54007.pose,en,asl,0,0,spoon,spoon,0
asl/54117.pose,en,asl,0,0,spring,spring,0
asl/54366.pose,en,asl,0,0,standard,standard,0
asl/54531.pose,en,asl,0,0,statistics,statistics,0
asl/54763.pose,en,asl,0,0,sticky,sticky,0
asl/54791.pose,en,asl,0,0,still,still,0
asl/55188.pose,en,asl,0,0,stretch,stretch,0
asl/56078.pose,en,asl,0,0,surgeon,surgeon,0
asl/56271.pose,en,asl,0,0,sweden,sweden,0
asl/56367.pose,en,asl,0,0,swimsuit,swimsuit,0
asl/56481.pose,en,asl,0,0,sympathy,sympathy,0
asl/56763.pose,en,asl,0,0,take turns,take turns,0
asl/56772.pose,en,asl,0,0,take up,take up,0
asl/57169.pose,en,asl,0,0,technology,technology,0
asl/57321.pose,en,asl,0,0,temple,temple,0
asl/57368.pose,en,asl,0,0,tender,tender,0
asl/57596.pose,en,asl,0,0,thailand,thailand,0
asl/57706.pose,en,asl,0,0,theater,theater,0
asl/69503.pose,en,asl,0,0,them,them,0
asl/57744.pose,en,asl,0,0,theme,theme,0
asl/57890.pose,en,asl,0,0,thick,thick,0
asl/58077.pose,en,asl,0,0,this,this,0
asl/58252.pose,en,asl,0,0,throat,throat,0
asl/58611.pose,en,asl,0,0,tissue,tissue,0
asl/58822.pose,en,asl,0,0,tongue,tongue,0
asl/58834.pose,en,asl,0,0,tonight,tonight,0
asl/58977.pose,en,asl,0,0,tornado,tornado,0
asl/59135.pose,en,asl,0,0,tower,tower,0
asl/59349.pose,en,asl,0,0,tranquil,tranquil,0
asl/59389.pose,en,asl,0,0,transform,transform,0
asl/60057.pose,en,asl,0,0,tutor,tutor,0
asl/60159.pose,en,asl,0,0,twin,twin,0
asl/60730.pose,en,asl,0,0,united states,united states,0
asl/61233.pose,en,asl,0,0,value,value,0
asl/61826.pose,en,asl,0,0,visitor,visitor,0
asl/62088.pose,en,asl,0,0,waiter,waiter,0
asl/62143.pose,en,asl,0,0,wake up,wake up,0
asl/62189.pose,en,asl,0,0,wallet,wallet,0
asl/62229.pose,en,asl,0,0,wander,wander,0
asl/62349.pose,en,asl,0,0,wash face,wash face,0
asl/62791.pose,en,asl,0,0,weight,weight,0
asl/62933.pose,en,asl,0,0,whale,whale,0
asl/62952.pose,en,asl,0,0,whatever,whatever,0
asl/63598.pose,en,asl,0,0,within,within,0
asl/66800.pose,en,asl,0,0,wonder,wonder,0
asl/63780.pose,en,asl,0,0,worker,worker,0
asl/63922.pose,en,asl,0,0,worthless,worthless,0
asl/69542.pose,en,asl,0,0,wrap,wrap,0
asl/65006.pose,en,asl,0,0,accent,accent,0
asl/65014.pose,en,asl,0,0,act,act,0
asl/00944.pose,en,asl,0,0,adapt,adapt,0
asl/01066.pose,en,asl,0,0,adjective,adjective,0
asl/01073.pose,en,asl,0,0,adjust,adjust,0
asl/65020.pose,en,asl,0,0,admire,admire,0
asl/65021.pose,en,asl,0,0,admit,admit,0
asl/01226.pose,en,asl,0,0,advanced,advanced,0
asl/01264.pose,en,asl,0,0,adverb,adverb,0
asl/65037.pose,en,asl,0,0,agreement,agreement,0
asl/01621.pose,en,asl,0,0,aid,aid,0
asl/02008.pose,en,asl,0,0,alligator,alligator,0
asl/02429.pose,en,asl,0,0,amputate,amputate,0
asl/02485.pose,en,asl,0,0,anatomy,anatomy,0
asl/02643.pose,en,asl,0,0,annoy,annoy,0
asl/02851.pose,en,asl,0,0,anyway,anyway,0
asl/65088.pose,en,asl,0,0,approach,approach,0
asl/65093.pose,en,asl,0,0,arizona,arizona,0
asl/03766.pose,en,asl,0,0,assist,assist,0
asl/03800.pose,en,asl,0,0,assume,assume,0
asl/04051.pose,en,asl,0,0,attorney,attorney,0
asl/04134.pose,en,asl,0,0,audiologist,audiologist,0
asl/04136.pose,en,asl,0,0,audiology,audiology,0
asl/04200.pose,en,asl,0,0,austria,austria,0
asl/04218.pose,en,asl,0,0,author,author,0
asl/04301.pose,en,asl,0,0,available,available,0
asl/04364.pose,en,asl,0,0,award,award,0
asl/04375.pose,en,asl,0,0,aware,aware,0
asl/04972.pose,en,asl,0,0,bank,bank,0
asl/05019.pose,en,asl,0,0,baptize,baptize,0
asl/05217.pose,en,asl,0,0,basic,basic,0
asl/05358.pose,en,asl,0,0,battery,battery,0
asl/65176.pose,en,asl,0,0,berry,berry,0
asl/06007.pose,en,asl,0,0,beside,beside,0
asl/65180.pose,en,asl,0,0,between,between,0
asl/65185.pose,en,asl,0,0,binoculars,binoculars,0
asl/06787.pose,en,asl,0,0,blow,blow,0
asl/06923.pose,en,asl,0,0,boast,boast,0
asl/06972.pose,en,asl,0,0,boil,boil,0
asl/07113.pose,en,asl,0,0,bookshelf,bookshelf,0
asl/07128.pose,en,asl,0,0,bookstore,bookstore,0
asl/07435.pose,en,asl,0,0,boxing,boxing,0
asl/07506.pose,en,asl,0,0,braid,braid,0
asl/07527.pose,en,asl,0,0,brain,brain,0
asl/07618.pose,en,asl,0,0,breakdown,breakdown,0
asl/07626.pose,en,asl,0,0,breakfast,breakfast,0
asl/07703.pose,en,asl,0,0,breeze,breeze,0
asl/07716.pose,en,asl,0,0,bribe,bribe,0
asl/07861.pose,en,asl,0,0,brochure,brochure,0
asl/08087.pose,en,asl,0,0,buffalo,buffalo,0
asl/08303.pose,en,asl,0,0,burp,burp,0
asl/08345.pose,en,asl,0,0,bush,bush,0
asl/08510.pose,en,asl,0,0,bye,bye,0
asl/08772.pose,en,asl,0,0,camel,camel,0
asl/08889.pose,en,asl,0,0,candidate,candidate,0
asl/65301.pose,en,asl,0,0,cannot,cannot,0
asl/09078.pose,en,asl,0,0,captain,captain,0
asl/09259.pose,en,asl,0,0,carnival,carnival,0
asl/09507.pose,en,asl,0,0,caterpillar,caterpillar,0
asl/10251.pose,en,asl,0,0,cheerleader,cheerleader,0
asl/10297.pose,en,asl,0,0,chemical,chemical,0
asl/10391.pose,en,asl,0,0,chicago,chicago,0
asl/10611.pose,en,asl,0,0,choke,choke,0
asl/10682.pose,en,asl,0,0,christ,christ,0
asl/11103.pose,en,asl,0,0,click,click,0
asl/11293.pose,en,asl,0,0,closet,closet,0
asl/11409.pose,en,asl,0,0,clueless,clueless,0
asl/11418.pose,en,asl,0,0,clumsy,clumsy,0
asl/11689.pose,en,asl,0,0,collect,collect,0
asl/11930.pose,en,asl,0,0,comma,comma,0
asl/65382.pose,en,asl,0,0,comment,comment,0
asl/11995.pose,en,asl,0,0,commit,commit,0
asl/12005.pose,en,asl,0,0,committee,committee,0
asl/12024.pose,en,asl,0,0,common sense,common sense,0
asl/12158.pose,en,asl,0,0,compete,compete,0
asl/12391.pose,en,asl,0,0,concentrate,concentrate,0
asl/12636.pose,en,asl,0,0,congratulations,congratulations,0
asl/12755.pose,en,asl,0,0,consider,consider,0
asl/12820.pose,en,asl,0,0,construct,construct,0
asl/12863.pose,en,asl,0,0,consume,consume,0
asl/12947.pose,en,asl,0,0,contest,contest,0
asl/13087.pose,en,asl,0,0,conversation,conversation,0
asl/13114.pose,en,asl,0,0,convert,convert,0
asl/13223.pose,en,asl,0,0,cooperate,cooperate,0
asl/13499.pose,en,asl,0,0,counsel,counsel,0
asl/13512.pose,en,asl,0,0,counselor,counselor,0
asl/13819.pose,en,asl,0,0,crave,crave,0
asl/13878.pose,en,asl,0,0,create,create,0
asl/14015.pose,en,asl,0,0,crocodile,crocodile,0
asl/14103.pose,en,asl,0,0,crown,crown,0
asl/14202.pose,en,asl,0,0,cuba,cuba,0
asl/14396.pose,en,asl,0,0,curtain,curtain,0
asl/14432.pose,en,asl,0,0,customer,customer,0
asl/15996.pose,en,asl,0,0,d,d,0
asl/14602.pose,en,asl,0,0,damage,damage,0
asl/65436.pose,en,asl,0,0,dancer,dancer,0
asl/14645.pose,en,asl,0,0,danger,danger,0
asl/65438.pose,en,asl,0,0,dangerous,dangerous,0
asl/14778.pose,en,asl,0,0,dawn,dawn,0
asl/14953.pose,en,asl,0,0,death,death,0
asl/14961.pose,en,asl,0,0,debate,debate,0
asl/14978.pose,en,asl,0,0,debt,debt,0
asl/15402.pose,en,asl,0,0,deliver,deliver,0
asl/15448.pose,en,asl,0,0,democrat,democrat,0
asl/15704.pose,en,asl,0,0,descend,descend,0
asl/65468.pose,en,asl,0,0,design,design,0
asl/15876.pose,en,asl,0,0,detective,detective,0
asl/65474.pose,en,asl,0,0,devil,devil,0
asl/65478.pose,en,asl,0,0,dice,dice,0
asl/16213.pose,en,asl,0,0,difficult,difficult,0
asl/16314.pose,en,asl,0,0,dining room,dining room,0
asl/16511.pose,en,asl,0,0,discipline,discipline,0
asl/16542.pose,en,asl,0,0,discount,discount,0
asl/65492.pose,en,asl,0,0,disgusted,disgusted,0
asl/16873.pose,en,asl,0,0,disturb,disturb,0
asl/16950.pose,en,asl,0,0,division,division,0
asl/17206.pose,en,asl,0,0,done,done,0
asl/17521.pose,en,asl,0,0,drag,drag,0
asl/17529.pose,en,asl,0,0,dragon,dragon,0
asl/17559.pose,en,asl,0,0,drama,drama,0
asl/17878.pose,en,asl,0,0,drug,drug,0
asl/17959.pose,en,asl,0,0,due,due,0
asl/17976.pose,en,asl,0,0,dull,dull,0
asl/18037.pose,en,asl,0,0,dusk,dusk,0
asl/18069.pose,en,asl,0,0,dvd,dvd,0
asl/18096.pose,en,asl,0,0,dye,dye,0
asl/18533.pose,en,asl,0,0,e,e,0
asl/65617.pose,en,asl,0,0,either,either,0
asl/18728.pose,en,asl,0,0,electricity,electricity,0
asl/18757.pose,en,asl,0,0,elementary,elementary,0
asl/18856.pose,en,asl,0,0,else,else,0
asl/18942.pose,en,asl,0,0,emergency,emergency,0
asl/19212.pose,en,asl,0,0,engine,engine,0
asl/19298.pose,en,asl,0,0,enormous,enormous,0
asl/19513.pose,en,asl,0,0,eraser,eraser,0
asl/19855.pose,en,asl,0,0,every monday,every monday,0
asl/19934.pose,en,asl,0,0,every tuesday,every tuesday,0
asl/19911.pose,en,asl,0,0,everything,everything,0
asl/20109.pose,en,asl,0,0,except,except,0
asl/20256.pose,en,asl,0,0,exhibit,exhibit,0
asl/20459.pose,en,asl,0,0,explode,explode,0
asl/65664.pose,en,asl,0,0,express,express,0
asl/21568.pose,en,asl,0,0,f,f,0
asl/20837.pose,en,asl,0,0,fairy,fairy,0
asl/20967.pose,en,asl,0,0,familiar,familiar,0
asl/21524.pose,en,asl,0,0,festival,festival,0
asl/21838.pose,en,asl,0,0,finance,finance,0
asl/21925.pose,en,asl,0,0,fingerspell,fingerspell,0
asl/22015.pose,en,asl,0,0,fire,fire,0
asl/65726.pose,en,asl,0,0,firefighter,firefighter,0
asl/69326.pose,en,asl,0,0,five,five,0
asl/22357.pose,en,asl,0,0,flatter,flatter,0
asl/65754.pose,en,asl,0,0,fool,fool,0
asl/22974.pose,en,asl,0,0,forgive,forgive,0
asl/23038.pose,en,asl,0,0,former,former,0
asl/23434.pose,en,asl,0,0,freeway,freeway,0
asl/23647.pose,en,asl,0,0,from now on,from now on,0
asl/24523.pose,en,asl,0,0,g,g,0
asl/24044.pose,en,asl,0,0,gang,gang,0
asl/24203.pose,en,asl,0,0,gay,gay,0
asl/24343.pose,en,asl,0,0,geometry,geometry,0
asl/24500.pose,en,asl,0,0,get up,get up,0
asl/24547.pose,en,asl,0,0,gift,gift,0
asl/25279.pose,en,asl,0,0,grab,grab,0
asl/25353.pose,en,asl,0,0,graduation,graduation,0
asl/25522.pose,en,asl,0,0,grateful,grateful,0
asl/25714.pose,en,asl,0,0,grey,grey,0
asl/26067.pose,en,asl,0,0,gymnastics,gymnastics,0
asl/27355.pose,en,asl,0,0,h,h,0
asl/26472.pose,en,asl,0,0,hang up,hang up,0
asl/26483.pose,en,asl,0,0,hanukkah,hanukkah,0
asl/26937.pose,en,asl,0,0,heap,heap,0
asl/27023.pose,en,asl,0,0,heart attack,heart attack,0
asl/27487.pose,en,asl,0,0,hill,hill,0
asl/27754.pose,en,asl,0,0,holy,holy,0
asl/27940.pose,en,asl,0,0,hop,hop,0
asl/28067.pose,en,asl,0,0,host,host,0
asl/28082.pose,en,asl,0,0,hot dog,hot dog,0
asl/28296.pose,en,asl,0,0,human,human,0
asl/66047.pose,en,asl,0,0,i,i,0
asl/28821.pose,en,asl,0,0,ill,ill,0
asl/28814.pose,en,asl,0,0,illegal,illegal,0
asl/65925.pose,en,asl,0,0,impact,impact,0
asl/29468.pose,en,asl,0,0,individual,individual,0
asl/29898.pose,en,asl,0,0,inspect,inspect,0
asl/29919.pose,en,asl,0,0,inspire,inspire,0
asl/30297.pose,en,asl,0,0,intersection,intersection,0
asl/65963.pose,en,asl,0,0,ireland,ireland,0
asl/65964.pose,en,asl,0,0,iron,iron,0
asl/31100.pose,en,asl,0,0,j,j,0
asl/65978.pose,en,asl,0,0,jewelry,jewelry,0
asl/31218.pose,en,asl,0,0,journey,journey,0
asl/31237.pose,en,asl,0,0,joy,joy,0
asl/31300.pose,en,asl,0,0,july,july,0
asl/31583.pose,en,asl,0,0,k,k,0
asl/65991.pose,en,asl,0,0,kid,kid,0
asl/31687.pose,en,asl,0,0,kindergarten,kindergarten,0
asl/32046.pose,en,asl,0,0,lady,lady,0
asl/32097.pose,en,asl,0,0,lamp,lamp,0
asl/66011.pose,en,asl,0,0,last week,last week,0
asl/32421.pose,en,asl,0,0,laundry,laundry,0
asl/32520.pose,en,asl,0,0,leader,leader,0
asl/66022.pose,en,asl,0,0,league,league,0
asl/32575.pose,en,asl,0,0,leak,leak,0
asl/32754.pose,en,asl,0,0,legal,legal,0
asl/32911.pose,en,asl,0,0,let,let,0
asl/33000.pose,en,asl,0,0,liability,liability,0
asl/33043.pose,en,asl,0,0,librarian,librarian,0
asl/33063.pose,en,asl,0,0,license,license,0
asl/33518.pose,en,asl,0,0,little bit,little bit,0
asl/33616.pose,en,asl,0,0,loan,loan,0
asl/33851.pose,en,asl,0,0,look at,look at,0
asl/33882.pose,en,asl,0,0,look for,look for,0
asl/33986.pose,en,asl,0,0,lord,lord,0
asl/35897.pose,en,asl,0,0,m,m,0
asl/35306.pose,en,asl,0,0,meaning,meaning,0
asl/35555.pose,en,asl,0,0,melody,melody,0
asl/35567.pose,en,asl,0,0,melt,melt,0
asl/66116.pose,en,asl,0,0,mention,mention,0
asl/35932.pose,en,asl,0,0,microscope,microscope,0
asl/35986.pose,en,asl,0,0,midnight,midnight,0
asl/36037.pose,en,asl,0,0,military,military,0
asl/36139.pose,en,asl,0,0,mine,mine,0
asl/36399.pose,en,asl,0,0,mistake,mistake,0
asl/36489.pose,en,asl,0,0,mock,mock,0
asl/36802.pose,en,asl,0,0,moose,moose,0
asl/36910.pose,en,asl,0,0,mosquito,mosquito,0
asl/66148.pose,en,asl,0,0,motivate,motivate,0
asl/37310.pose,en,asl,0,0,murder,murder,0
asl/38265.pose,en,asl,0,0,n,n,0
asl/37648.pose,en,asl,0,0,narrow,narrow,0
asl/37829.pose,en,asl,0,0,necessary,necessary,0
asl/37933.pose,en,asl,0,0,negotiate,negotiate,0
asl/38216.pose,en,asl,0,0,new york,new york,0
asl/66173.pose,en,asl,0,0,nine,nine,0
asl/38706.pose,en,asl,0,0,northwest,northwest,0
asl/38946.pose,en,asl,0,0,not yet,not yet,0
asl/66193.pose,en,asl,0,0,notice,notice,0
asl/39072.pose,en,asl,0,0,numerous,numerous,0
asl/39082.pose,en,asl,0,0,nun,nun,0
asl/39553.pose,en,asl,0,0,o,o,0
asl/39203.pose,en,asl,0,0,objective,objective,0
asl/66221.pose,en,asl,0,0,obsess,obsess,0
asl/39285.pose,en,asl,0,0,obtain,obtain,0
asl/39334.pose,en,asl,0,0,occur,occur,0
asl/39387.pose,en,asl,0,0,odor,odor,0
asl/39649.pose,en,asl,0,0,olympics,olympics,0
asl/40240.pose,en,asl,0,0,or,or,0
asl/66245.pose,en,asl,0,0,oral,oral,0
asl/40342.pose,en,asl,0,0,our,our,0
asl/40529.pose,en,asl,0,0,overcome,overcome,0
asl/66258.pose,en,asl,0,0,pack,pack,0
asl/40828.pose,en,asl,0,0,painter,painter,0
asl/41267.pose,en,asl,0,0,part,part,0
asl/41555.pose,en,asl,0,0,pause,pause,0
asl/41644.pose,en,asl,0,0,peaceful,peaceful,0
asl/66273.pose,en,asl,0,0,pear,pear,0
asl/41774.pose,en,asl,0,0,peel,peel,0
asl/41811.pose,en,asl,0,0,penalty,penalty,0
asl/66277.pose,en,asl,0,0,pennsylvania,pennsylvania,0
asl/41902.pose,en,asl,0,0,penny,penny,0
asl/42137.pose,en,asl,0,0,permit,permit,0
asl/42501.pose,en,asl,0,0,phrase,phrase,0
asl/42607.pose,en,asl,0,0,pickle,pickle,0
asl/42762.pose,en,asl,0,0,pilot,pilot,0
asl/43147.pose,en,asl,0,0,player,player,0
asl/43508.pose,en,asl,0,0,polar bear,polar bear,0
asl/43536.pose,en,asl,0,0,policeman,policeman,0
asl/66311.pose,en,asl,0,0,poop,poop,0
asl/43873.pose,en,asl,0,0,post,post,0
asl/43950.pose,en,asl,0,0,potential,potential,0
asl/44020.pose,en,asl,0,0,poverty,poverty,0
asl/66321.pose,en,asl,0,0,precious,precious,0
asl/44177.pose,en,asl,0,0,precipitation,precipitation,0
asl/44186.pose,en,asl,0,0,precise,precise,0
asl/44301.pose,en,asl,0,0,preschool,preschool,0
asl/44486.pose,en,asl,0,0,pride,pride,0
asl/44526.pose,en,asl,0,0,prince,prince,0
asl/44534.pose,en,asl,0,0,princess,princess,0
asl/44551.pose,en,asl,0,0,principle,principle,0
asl/44715.pose,en,asl,0,0,process,process,0
asl/44817.pose,en,asl,0,0,profit,profit,0
asl/44843.pose,en,asl,0,0,progress,progress,0
asl/44958.pose,en,asl,0,0,propaganda,propaganda,0
asl/44970.pose,en,asl,0,0,proper,proper,0
asl/45168.pose,en,asl,0,0,psychologist,psychologist,0
asl/45194.pose,en,asl,0,0,public,public,0
asl/45221.pose,en,asl,0,0,publish,publish,0
asl/45410.pose,en,asl,0,0,purchase,purchase,0
asl/45419.pose,en,asl,0,0,pure,pure,0
asl/45468.pose,en,asl,0,0,pursue,pursue,0
asl/45532.pose,en,asl,0,0,put off,put off,0
asl/45601.pose,en,asl,0,0,q,q,0
asl/45638.pose,en,asl,0,0,quality,quality,0
asl/45656.pose,en,asl,0,0,quarrel,quarrel,0
asl/45673.pose,en,asl,0,0,quarter,quarter,0
asl/47983.pose,en,asl,0,0,r,r,0
asl/45929.pose,en,asl,0,0,rage,rage,0
asl/46166.pose,en,asl,0,0,rather,rather,0
asl/46319.pose,en,asl,0,0,real,real,0
asl/46574.pose,en,asl,0,0,recliner,recliner,0
asl/46611.pose,en,asl,0,0,recommend,recommend,0
asl/46658.pose,en,asl,0,0,recover,recover,0
asl/66383.pose,en,asl,0,0,regular,regular,0
asl/47075.pose,en,asl,0,0,release,release,0
asl/47095.pose,en,asl,0,0,relief,relief,0
asl/47136.pose,en,asl,0,0,rely,rely,0
asl/47343.pose,en,asl,0,0,reply,reply,0
asl/47480.pose,en,asl,0,0,rescue,rescue,0
asl/47569.pose,en,asl,0,0,resist,resist,0
asl/47722.pose,en,asl,0,0,restroom,restroom,0
asl/47803.pose,en,asl,0,0,retreat,retreat,0
asl/48299.pose,en,asl,0,0,roar,roar,0
asl/48307.pose,en,asl,0,0,robber,robber,0
asl/66417.pose,en,asl,0,0,roommate,roommate,0
asl/48566.pose,en,asl,0,0,rose,rose,0
asl/48737.pose,en,asl,0,0,ruin,ruin,0
asl/51426.pose,en,asl,0,0,s,s,0
asl/49093.pose,en,asl,0,0,salary,salary,0
asl/49421.pose,en,asl,0,0,saw,saw,0
asl/49460.pose,en,asl,0,0,scan,scan,0
asl/49783.pose,en,asl,0,0,scream,scream,0
asl/49886.pose,en,asl,0,0,sculpture,sculpture,0
asl/49898.pose,en,asl,0,0,sea,sea,0
asl/50198.pose,en,asl,0,0,seldom,seldom,0
asl/50466.pose,en,asl,0,0,sequence,sequence,0
asl/66452.pose,en,asl,0,0,settle,settle,0
asl/51300.pose,en,asl,0,0,shout,shout,0
asl/51313.pose,en,asl,0,0,shovel,shovel,0
asl/51826.pose,en,asl,0,0,sin,sin,0
asl/51796.pose,en,asl,0,0,singer,singer,0
asl/51979.pose,en,asl,0,0,sixteen,sixteen,0
asl/52128.pose,en,asl,0,0,ski,ski,0
asl/52181.pose,en,asl,0,0,skip,skip,0
asl/52656.pose,en,asl,0,0,smoking,smoking,0
asl/53037.pose,en,asl,0,0,sofa,sofa,0
asl/53119.pose,en,asl,0,0,soldier,soldier,0
asl/53178.pose,en,asl,0,0,solve,solve,0
asl/53196.pose,en,asl,0,0,someday,someday,0
asl/53230.pose,en,asl,0,0,something,something,0
asl/53252.pose,en,asl,0,0,somewhere,somewhere,0
asl/53401.pose,en,asl,0,0,soul,soul,0
asl/53851.pose,en,asl,0,0,spill,spill,0
asl/53922.pose,en,asl,0,0,spit,spit,0
asl/54090.pose,en,asl,0,0,spread,spread,0
asl/54138.pose,en,asl,0,0,sprint,sprint,0
asl/54189.pose,en,asl,0,0,squeeze,squeeze,0
asl/54248.pose,en,asl,0,0,stadium,stadium,0
asl/54672.pose,en,asl,0,0,stepfather,stepfather,0
asl/54810.pose,en,asl,0,0,sting,sting,0
asl/54832.pose,en,asl,0,0,stir,stir,0
asl/54840.pose,en,asl,0,0,stitch,stitch,0
asl/55324.pose,en,asl,0,0,stuck,stuck,0
asl/55627.pose,en,asl,0,0,sue,sue,0
asl/55866.pose,en,asl,0,0,sunshine,sunshine,0
asl/55910.pose,en,asl,0,0,superman,superman,0
asl/56114.pose,en,asl,0,0,surrender,surrender,0
asl/56176.pose,en,asl,0,0,suspend,suspend,0
asl/56354.pose,en,asl,0,0,swimming,swimming,0
asl/58323.pose,en,asl,0,0,t,t,0
asl/56793.pose,en,asl,0,0,talent,talent,0
asl/57251.pose,en,asl,0,0,telescope,telescope,0
asl/57349.pose,en,asl,0,0,tempt,tempt,0
asl/57391.pose,en,asl,0,0,ten,ten,0
asl/57380.pose,en,asl,0,0,tend,tend,0
asl/57552.pose,en,asl,0,0,testify,testify,0
asl/57568.pose,en,asl,0,0,texas,texas,0
asl/66595.pose,en,asl,0,0,text,text,0
asl/57605.pose,en,asl,0,0,than,than,0
asl/57820.pose,en,asl,0,0,therefore,therefore,0
asl/58243.pose,en,asl,0,0,thrill,thrill,0
asl/58665.pose,en,asl,0,0,tobacco,tobacco,0
asl/58746.pose,en,asl,0,0,toilet paper,toilet paper,0
asl/58770.pose,en,asl,0,0,tolerate,tolerate,0
asl/59002.pose,en,asl,0,0,torture,torture,0
asl/59123.pose,en,asl,0,0,towel,towel,0
asl/59666.pose,en,asl,0,0,trip,trip,0
asl/59840.pose,en,asl,0,0,truth,truth,0
asl/59991.pose,en,asl,0,0,turn,turn,0
asl/60075.pose,en,asl,0,0,tv,tv,0
asl/60358.pose,en,asl,0,0,u,u,0
asl/60702.pose,en,asl,0,0,unique,unique,0
asl/60968.pose,en,asl,0,0,upstairs,upstairs,0
asl/66060.pose,en,asl,0,0,v,v,0
asl/61135.pose,en,asl,0,0,vacant,vacant,0
asl/61188.pose,en,asl,0,0,vague,vague,0
asl/61222.pose,en,asl,0,0,valley,valley,0
asl/66718.pose,en,asl,0,0,vampire,vampire,0
asl/61509.pose,en,asl,0,0,very,very,0
asl/61588.pose,en,asl,0,0,vice president,vice president,0
asl/61697.pose,en,asl,0,0,viewpoint,viewpoint,0
asl/66733.pose,en,asl,0,0,visualize,visualize,0
asl/66734.pose,en,asl,0,0,vlog,vlog,0
asl/61953.pose,en,asl,0,0,volleyball,volleyball,0
asl/63274.pose,en,asl,0,0,w,w,0
asl/62393.pose,en,asl,0,0,washington,washington,0
asl/62488.pose,en,asl,0,0,waterfall,waterfall,0
asl/62782.pose,en,asl,0,0,weigh,weigh,0
asl/63046.pose,en,asl,0,0,wheelchair,wheelchair,0
asl/63186.pose,en,asl,0,0,whistle,whistle,0
